"Long","Lat","S_No_","USIN","State","District","Block_Mand","Village","CCE_Date","Target_Cro","QC_Status","Wet_Weight","Dry_Weight","Yield_kg_h","allahabad_10_oct_sm_30","allahabad_14_aug_sm_30","Allahabad_max_GS_30","Allahabad_max_VS_30","Allahabad_min_GS_30","Allahabad_min_VS_30","Allahabad_rf_GS_30","Allahabad_rf_VS_30","CCCI_Allahabad_30","CWSI_Allahabad_30","EVI_allahabad_20200930_30m","NDVI_allahabad_20200930_30m"
81.961379,25.286059,285,57446,"UTTAR PRADESH","Allahabad","Karchhana","Pach Dewra","2020/11/24","Paddy - IR","Accepted",19.26,17.334,3466.8,0.34929946064949,0.329256325960159,33.3009452819824,34.0122375488281,19.4347248077393,25.7964191436768,0.0885888412594795,301.264678955078,0.515175938606262,0.702537655830383,0.524669051170349,0.558974385261536
81.964859,25.288236,286,57445,"UTTAR PRADESH","Allahabad","Karchhana","Bendo","2020/11/24","Paddy - IR","Accepted",7.835,7.0515,1410.3,0.317093878984451,0.330453902482986,33.3009452819824,34.0122375488281,19.4347248077393,25.7964191436768,0.0885888412594795,301.264678955078,0.49481800198555,0.713705003261566,0.683039367198944,0.623791813850403
81.968184,25.285613,287,57444,"UTTAR PRADESH","Allahabad","Karchhana","Pach Dewra","2020/11/24","Paddy - IR","Accepted",13.5,12.15,2430,0.351108729839325,0.320679724216461,33.3009452819824,34.0122375488281,19.4347248077393,25.7964191436768,0.0885888412594795,301.264678955078,0.499531447887421,0.728069543838501,0.471594840288162,0.495610058307648
81.976991,25.28002,288,57443,"UTTAR PRADESH","Allahabad","Karchhana","Harrai","2020/11/24","Paddy - IR","Accepted",18.43,16.587,3317.4,0.269478589296341,0.341938465833664,33.2850685119629,34.0200691223145,19.4356479644775,25.7987270355225,0.0840853750705719,299.582153320312,0.50492262840271,0.69462925195694,0.646010756492615,0.615918815135956
81.978476,25.281246,289,57442,"UTTAR PRADESH","Allahabad","Karchhana","Harrai","2020/11/24","Paddy - IR","Accepted",11.19,10.071,2014.2,0.348215252161026,0.335385382175446,33.2850685119629,34.0200691223145,19.4356479644775,25.7987270355225,0.0840853750705719,299.582153320312,0.497750610113144,0.684938311576843,0.669397354125977,0.622002065181732
81.990425,25.302958,290,57441,"UTTAR PRADESH","Allahabad","Karchhana","Diha Uperhar","2020/11/24","Paddy - IR","Accepted",15.66,14.094,2818.8,0.341221451759338,0.335213154554367,33.2502212524414,34.0442237854004,19.4373817443848,25.8064842224121,0.0682023167610168,293.068267822266,0.507001399993896,0.707078874111176,0.624471366405487,0.630156457424164
81.985667,25.28955,291,57440,"UTTAR PRADESH","Allahabad","Karchhana","Harrai","2020/11/24","Paddy - IR","Accepted",12.18,10.962,2192.4,0.341810584068298,0.299335539340973,33.2691955566406,34.0279006958008,19.4365730285645,25.8010349273682,0.0795819163322449,297.899658203125,0.505463302135468,0.684254348278046,0.636192798614502,0.650165021419525
81.985132,25.286902,292,57439,"UTTAR PRADESH","Allahabad","Karchhana","Harrai","2020/11/24","Paddy - IR","Accepted",16.41,14.769,2953.8,0.339226752519608,0.336576819419861,33.2691955566406,34.0279006958008,19.4365730285645,25.8010349273682,0.0795819163322449,297.899658203125,0.502574741840363,0.694447755813599,0.608332872390747,0.62406462430954
82.221553,25.34742,309,57388,"UTTAR PRADESH","Allahabad","Handia","Jagua Sodha","2020/11/18","Paddy - IR","Accepted",12.89,11.601,2320.2,0.354242205619812,0.315063059329987,32.9229469299316,34.2403335571289,19.4964466094971,25.8982582092285,0.0792003720998764,273.529174804688,0.50269091129303,0.705197393894196,0.618798971176147,0.659350872039795
82.281597,25.334539,310,57387,"UTTAR PRADESH","Allahabad","Handia","radar","2020/11/18","Paddy - IR","Accepted",7.88,7.092,1418.4,0.309557378292084,0.327355951070786,32.831470489502,34.2830352783203,19.5039844512939,25.9121761322021,0.126360893249512,287.133392333984,0.510173618793488,0.753123104572296,0.448399901390076,0.545248866081238
82.082537,25.004544,324,57315,"UTTAR PRADESH","Allahabad","Koraon","Kosbhara Kala","2020/11/22","Paddy - IR","Accepted",14.84,13.356,2671.2,0.346267759799957,0.342847734689713,33.1335868835449,33.9715766906738,19.4496192932129,25.7676868438721,0.321209013462067,444.138763427734,0.497863560914993,0.345625519752502,0.671616911888123,0.658576488494873
82.076681,25.016473,325,57314,"UTTAR PRADESH","Allahabad","Koraon","Tarav","2020/11/22","Paddy - IR","Accepted",20.6,18.54,3708,0.353484660387039,0.346297591924667,33.147403717041,33.9729461669922,19.4492149353027,25.7690200805664,0.33366733789444,429.596527099609,0.500942587852478,0.303843915462494,0.47453173995018,0.499699324369431
82.05866,25.005148,326,57313,"UTTAR PRADESH","Allahabad","Koraon","Koraon (NP)","2020/11/22","Paddy - IR","Accepted",14.89,13.401,2680.2,0.350260496139526,0.351189345121384,33.1781845092773,33.961540222168,19.4499187469482,25.7664890289307,0.430453449487686,428.569061279297,0.495913624763489,0.563718497753143,0.653083443641663,0.649472773075104
82.048062,25.021869,327,57312,"UTTAR PRADESH","Allahabad","Koraon","Badaua","2020/11/22","Paddy - IR","Accepted",13.95,12.555,2511,0.3437559902668,0.329209208488464,33.1914749145508,33.9665184020996,19.44899559021,25.769287109375,0.404494225978851,406.937377929688,0.494481354951859,0.621000468730927,0.499797642230988,0.499747097492218
82.027518,25.03338,328,57311,"UTTAR PRADESH","Allahabad","Koraon","Shamlipur","2020/11/22","Paddy - IR","Accepted",14.89,13.401,2680.2,0.328681886196136,0.333723902702332,33.2209434509277,33.9628829956055,19.4486694335938,25.7698230743408,0.431675761938095,390.599609375,0.50113707780838,0.648316621780396,0.715278923511505,0.683678865432739
82.025046,25.044016,329,57310,"UTTAR PRADESH","Allahabad","Koraon","Gaura","2020/11/22","Paddy - IR","Accepted",12.13,10.917,2183.4,0.343949407339096,0.337479680776596,33.220329284668,33.9666748046875,19.4481544494629,25.771333694458,0.395668387413025,383.133026123047,0.510029315948486,0.733108222484589,0.360115230083466,0.385493993759155
82.008458,25.048233,330,57309,"UTTAR PRADESH","Allahabad","Meja","Suhas","2020/11/22","Paddy - IR","Accepted",16.42,14.778,2955.6,0.332703739404678,0.328941494226456,33.2507553100586,33.9585113525391,19.4483337402344,25.7701797485352,0.449216604232788,375.770416259766,0.506994009017944,0.717968642711639,0.678323149681091,0.614210784435272
82.016409,25.075355,331,57308,"UTTAR PRADESH","Allahabad","Meja","Pathara","2020/11/22","Paddy - IR","Accepted",9.855,8.8695,1773.9,0.346388339996338,0.346147447824478,33.2339630126953,33.9734230041504,19.4466896057129,25.7751541137695,0.307189851999283,358.183441162109,0.49625363945961,0.689903974533081,0.625321805477142,0.605204880237579
82.011673,25.094239,332,57307,"UTTAR PRADESH","Allahabad","Meja","Pathara","2020/11/22","Paddy - IR","Accepted",20.05,18.045,3609,0.34687402844429,0.310779243707657,33.23291015625,33.9806442260742,19.4456539154053,25.7780876159668,0.230354756116867,344.004577636719,0.483622789382935,0.635192155838013,0.701932311058044,0.657866954803467
82.01469,25.100368,333,57306,"UTTAR PRADESH","Allahabad","Meja","Rauuni","2020/11/21","Paddy - IR","Accepted",16.82,15.138,3027.6,0.344678193330765,0.328863829374313,33.2323837280273,33.9842529296875,19.4451351165771,25.7795543670654,0.191937193274498,336.915161132812,0.503752768039703,0.604433715343475,0.712756633758545,0.67297226190567
82.003233,25.106931,334,57305,"UTTAR PRADESH","Allahabad","Meja","Kharka Dabar","2020/11/21","Paddy - IR","Accepted",9.09,8.181,1636.2,0.348987996578217,0.33708930015564,33.248119354248,33.9790649414062,19.4452114105225,25.7787113189697,0.204250261187553,335.496765136719,0.501388251781464,0.388406574726105,0.636369049549103,0.610921502113342
82.002207,25.115308,335,57304,"UTTAR PRADESH","Allahabad","Meja","Kharka Dabar","2020/11/21","Paddy - IR","Accepted",16.78,15.102,3020.4,0.350701779127121,0.346147388219833,33.2476806640625,33.9824905395508,19.4446907043457,25.7801322937012,0.163422539830208,328.784484863281,0.500285446643829,0.240102216601372,0.66089254617691,0.624410569667816
82.087722,25.214499,336,57303,"UTTAR PRADESH","Allahabad","Meja","Meja Khas","2020/11/21","Paddy - IR","Accepted",19.23,17.307,3461.4,-0.0220025852322578,0.325374126434326,33.1097602844238,34.0744552612305,19.4391002655029,25.8049945831299,0.0468436032533646,301.335296630859,0.499218225479126,0.662731885910034,0.475866943597794,0.524584829807281
82.088031,25.209499,337,57302,"UTTAR PRADESH","Allahabad","Meja","Diluan","2020/11/21","Paddy - IR","Accepted",8.585,7.7265,1545.3,0.344146102666855,0.312237054109573,33.110897064209,34.0695571899414,19.4396018981934,25.8032169342041,0.048600222915411,304.229705810547,0.502049148082733,0.639260649681091,0.524535715579987,0.564135313034058
82.088543,25.19561,338,57301,"UTTAR PRADESH","Allahabad","Meja","Amora","2020/11/21","Paddy - IR","Accepted",12.74,11.466,2293.2,0.341935306787491,0.303456962108612,33.1120300292969,34.0646591186523,19.4401016235352,25.801441192627,0.0503568388521671,307.124114990234,0.513246178627014,0.592873394489288,0.526224374771118,0.557326793670654
82.105342,25.19167,339,57300,"UTTAR PRADESH","Allahabad","Meja","Lotad","2020/11/21","Paddy - IR","Accepted",12.08,10.872,2174.4,0.269346982240677,0.347129434347153,33.0789985656738,34.0783462524414,19.4399967193604,25.8039245605469,0.0379870124161243,306.399017333984,0.503842413425446,0.492555201053619,0.418574243783951,0.433408588171005
82.10467,25.201065,340,57299,"UTTAR PRADESH","Allahabad","Meja","Amora","2020/11/21","Paddy - IR","Accepted",25.26,22.734,4546.8,0.350786089897156,0.304712802171707,33.0776901245117,34.0836143493652,19.4394989013672,25.8057899475098,0.0366040505468845,303.211273193359,0.545764148235321,0.513494431972504,0.596401929855347,0.600116431713104
82.096367,25.212333,341,57298,"UTTAR PRADESH","Allahabad","Meja","Lakhanpur","2020/11/21","Paddy - IR","Accepted",13.64,12.276,2455.2,0.313469290733337,0.340312361717224,33.0930709838867,34.0816688537598,19.4390525817871,25.806324005127,0.0410323478281498,300.679443359375,0.497928082942963,0.667689561843872,0.592453062534332,0.610547661781311
82.078445,25.041178,342,57297,"UTTAR PRADESH","Allahabad","Koraon","Javain","2020/11/22","Paddy - IR","Accepted",16.96,15.264,3052.8,0.347658753395081,0.336179941892624,33.1442604064941,33.9870910644531,19.4477062225342,25.7742156982422,0.261797845363617,401.539520263672,0.49196669459343,0.289203524589539,0.617512583732605,0.629127383232117
82.082685,25.039357,343,57296,"UTTAR PRADESH","Allahabad","Koraon","Javain","2020/11/22","Paddy - IR","Accepted",19.89,17.901,3580.2,0.34057143330574,0.336609899997711,33.130184173584,33.9862747192383,19.4481163024902,25.7730159759521,0.256570070981979,414.950286865234,0.513413369655609,0.421260088682175,0.704429924488068,0.676502168178558
82.078185,25.013168,344,57295,"UTTAR PRADESH","Allahabad","Koraon","Baidvar Kalan","2020/11/22","Paddy - IR","Accepted",16.07,14.463,2892.6,0.332259565591812,0.329850226640701,33.147403717041,33.9729461669922,19.4492149353027,25.7690200805664,0.33366733789444,429.596527099609,0.485511869192123,0.310265362262726,0.597434341907501,0.639215707778931
82.073013,25.010357,345,57294,"UTTAR PRADESH","Allahabad","Koraon","pushpura kalan","2020/11/22","Paddy - IR","Accepted",18.52,16.668,3333.6,0.347697675228119,0.344682723283768,33.147403717041,33.9729461669922,19.4492149353027,25.7690200805664,0.33366733789444,429.596527099609,0.505586624145508,0.308055937290192,0.610983550548553,0.630619704723358
82.052092,25.011837,346,57293,"UTTAR PRADESH","Allahabad","Koraon","Tarav","2020/11/22","Paddy - IR","Accepted",18.89,17.001,3400.2,0.352008849382401,0.337523877620697,33.1773109436035,33.9658851623535,19.4494094848633,25.7681331634521,0.401676595211029,419.971008300781,0.510434806346893,0.643559992313385,0.634893000125885,0.6373690366745
82.045185,25.02817,347,57292,"UTTAR PRADESH","Allahabad","Koraon","Gheghasahi","2020/11/22","Paddy - IR","Accepted",12.3,11.07,2214,0.344539552927017,0.32216665148735,33.1914749145508,33.9665184020996,19.44899559021,25.769287109375,0.404494225978851,406.937377929688,0.526682078838348,0.619719803333282,0.633076429367065,0.655959188938141
82.035058,25.031857,348,57291,"UTTAR PRADESH","Allahabad","Koraon","Gaura","2020/11/22","Paddy - IR","Accepted",22.76,20.484,4096.8,0.337058007717133,0.345618844032288,33.2058181762695,33.9667816162109,19.4485778808594,25.7703552246094,0.402491480112076,394.658050537109,0.542988479137421,0.649180233478546,0.705153048038483,0.67657995223999
82.017905,25.045218,349,57290,"UTTAR PRADESH","Allahabad","Meja","Suhas","2020/11/22","Paddy - IR","Accepted",13.32,11.988,2397.6,0.335028976202011,0.338795721530914,33.2355422973633,33.9625930786133,19.4482440948486,25.7707557678223,0.422442495822906,379.451721191406,0.493240624666214,0.675822198390961,0.660474121570587,0.644963800907135
82.01357,25.069005,350,57289,"UTTAR PRADESH","Allahabad","Meja","Pathara","2020/11/22","Paddy - IR","Accepted",10,9,1800,0.325073331594467,0.342238038778305,33.234489440918,33.9698143005371,19.447208404541,25.7736892700195,0.345607399940491,365.272857666016,0.505915939807892,0.663634717464447,0.693446695804596,0.652645170688629
82.01274,25.088395,351,57288,"UTTAR PRADESH","Allahabad","Meja","Pathara","2020/11/22","Paddy - IR","Accepted",12.87,11.583,2316.6,0.337110549211502,0.346089750528336,33.2334365844727,33.9770317077637,19.4461727142334,25.7766208648682,0.268772304058075,351.093994140625,0.491264134645462,0.66518646478653,0.644874274730682,0.638170957565308
82.010183,25.099788,352,57287,"UTTAR PRADESH","Allahabad","Meja","Rauuni","2020/11/22","Paddy - IR","Accepted",9.115,8.2035,1640.7,0.339689522981644,0.284781694412231,33.23291015625,33.9806442260742,19.4456539154053,25.7780876159668,0.230354756116867,344.004577636719,0.510629594326019,0.555224239826202,0.695176422595978,0.646682679653168
82.094116,25.039996,353,57286,"UTTAR PRADESH","Allahabad","Koraon","Kosbhara Kala","2020/11/22","Paddy - IR","Accepted",17.32,15.588,3117.6,0.324817329645157,0.347813308238983,33.1150550842285,33.9901733398438,19.4480247497559,25.7735500335693,0.227385774254799,419.008728027344,0.51799613237381,0.588954448699951,0.636744439601898,0.650133669376373
82.084608,25.041747,354,57285,"UTTAR PRADESH","Allahabad","Koraon","Javain","2020/11/22","Paddy - IR","Accepted",14.56,13.104,2620.8,0.352940142154694,0.331669926643372,33.1290473937988,33.9911727905273,19.4476165771484,25.7747936248779,0.235023736953735,405.220794677734,0.493418097496033,0.386836647987366,0.663222312927246,0.651406526565552
82.083413,25.052476,355,57284,"UTTAR PRADESH","Allahabad","Koraon","Pasana","2020/11/22","Paddy - IR","Accepted",20.67,18.603,3720.6,0.343466341495514,0.348721981048584,33.1279144287109,33.9960708618164,19.447114944458,25.7765693664551,0.213477417826653,395.491333007812,0.500205814838409,0.432349681854248,0.657689392566681,0.653272092342377
82.071349,25.053336,356,57283,"UTTAR PRADESH","Allahabad","Koraon","bahiyari kala","2020/11/22","Paddy - IR","Accepted",16.42,14.778,2955.6,0.334088832139969,0.351465344429016,33.1432151794434,33.9918060302734,19.4472026824951,25.7759494781494,0.237841352820396,392.187164306641,0.506396293640137,0.236743316054344,0.6785569190979,0.67049366235733
82.066541,25.057858,357,57282,"UTTAR PRADESH","Allahabad","Koraon","bahiyari kala","2020/11/22","Paddy - IR","Accepted",25.95,23.355,4671,0.338531851768494,0.336951553821564,33.1585159301758,33.9875373840332,19.4472885131836,25.7753276824951,0.262205272912979,388.883026123047,0.48732802271843,0.507019400596619,0.761930882930756,0.696240603923798
82.070155,25.055903,358,57281,"UTTAR PRADESH","Allahabad","Koraon","bahiyari kala","2020/11/22","Paddy - IR","Accepted",19.04,17.136,3427.2,0.336512744426727,0.332084536552429,33.1432151794434,33.9918060302734,19.4472026824951,25.7759494781494,0.237841352820396,392.187164306641,0.495780736207962,0.358701318502426,0.670534014701843,0.65976494550705
82.080185,25.057616,359,57280,"UTTAR PRADESH","Allahabad","Koraon","Pasana","2020/11/22","Paddy - IR","Accepted",16.15,14.535,2907,0.331922858953476,0.336749196052551,33.1279144287109,33.9960708618164,19.447114944458,25.7765693664551,0.213477417826653,395.491333007812,0.493380606174469,0.3880555331707,0.63951450586319,0.640186905860901
82.082447,25.057837,360,57279,"UTTAR PRADESH","Allahabad","Koraon","Sirokhar","2020/11/22","Paddy - IR","Accepted",17.54,15.786,3157.2,0.323474824428558,0.341720312833786,33.1279144287109,33.9960708618164,19.447114944458,25.7765693664551,0.213477417826653,395.491333007812,0.558457732200623,0.420791685581207,0.732699751853943,0.672937035560608
82.089403,25.060047,361,57278,"UTTAR PRADESH","Allahabad","Koraon","Pasana","2020/11/22","Paddy - IR","Accepted",19.02,17.118,3423.6,0.351835161447525,0.326228320598602,33.1267776489258,34.0009689331055,19.4466133117676,25.7783470153809,0.191931083798409,385.761840820312,0.51498955488205,0.511001288890839,0.716902554035187,0.67884361743927
82.097032,25.061128,362,57277,"UTTAR PRADESH","Allahabad","Koraon","Pasana","2020/11/22","Paddy - IR","Accepted",15.52,13.968,2793.6,0.354006201028824,0.300940036773682,33.1113929748535,34.0054206848145,19.4465293884277,25.7790126800537,0.169977337121964,388.688842773438,0.495528399944305,0.620523035526276,0.691445291042328,0.654469430446625
82.00803,25.106778,368,57229,"UTTAR PRADESH","Allahabad","Meja","Kharka Dabar","2020/11/21","Paddy - IR","Accepted",19.96,17.964,3592.8,0.325171053409576,0.347318470478058,33.248119354248,33.9790649414062,19.4452114105225,25.7787113189697,0.204250261187553,335.496765136719,0.496100932359695,0.490601003170013,0.681520700454712,0.638156116008759
82.00441,25.11275,369,57228,"UTTAR PRADESH","Allahabad","Meja","Kharka Dabar","2020/11/21","Paddy - IR","Accepted",15.91,14.319,2863.8,0.332457214593887,0.34209543466568,33.2476806640625,33.9824905395508,19.4446907043457,25.7801322937012,0.163422539830208,328.784484863281,0.499052107334137,0.369066715240479,0.719637215137482,0.646671712398529
81.998578,25.117228,370,57227,"UTTAR PRADESH","Allahabad","Meja","Kharka Dabar","2020/11/21","Paddy - IR","Accepted",13.1,11.79,2358,0.351205855607986,0.341694205999374,33.263500213623,33.9771194458008,19.4447631835938,25.7792453765869,0.173325419425964,327.743225097656,0.500933527946472,0.31271168589592,0.69144731760025,0.641509413719177
82.093955,25.215708,371,57226,"UTTAR PRADESH","Allahabad","Meja","Lakhanpur","2020/11/21","Paddy - IR","Accepted",22.04,19.836,3967.2,0.323853492736816,0.331959635019302,33.0930709838867,34.0816688537598,19.4390525817871,25.806324005127,0.0410323478281498,300.679443359375,0.517902016639709,0.628241240978241,0.606742203235626,0.61359053850174
82.089093,25.205028,372,57225,"UTTAR PRADESH","Allahabad","Meja","Diliya","2020/11/21","Paddy - IR","Accepted",15.47,13.923,2784.6,0.122369207441807,0.255367159843445,33.110897064209,34.0695571899414,19.4396018981934,25.8032169342041,0.048600222915411,304.229705810547,0.58870404958725,0.619968235492706,0.541301250457764,0.586893677711487
82.09769,25.189877,373,57224,"UTTAR PRADESH","Allahabad","Meja","Lutar","2020/11/21","Paddy - IR","Accepted",8.14,7.326,1465.2,0.0936318337917328,0.337766617536545,33.0967330932617,34.0664176940918,19.4405479431152,25.8008613586426,0.0457417145371437,309.802642822266,0.496064990758896,0.513153910636902,0.490741789340973,0.525547444820404
82.108192,25.200353,374,57222,"UTTAR PRADESH","Allahabad","Meja","Lotad","2020/11/21","Paddy - IR","Accepted",16.7,15.03,3006,0.318382561206818,0.343266248703003,33.0776901245117,34.0836143493652,19.4394989013672,25.8057899475098,0.0366040505468845,303.211273193359,0.524670779705048,0.512940645217896,0.482882797718048,0.493545740842819
81.976642,25.274533,375,57221,"UTTAR PRADESH","Allahabad","Karchhana","Gandhiyawa","2020/11/21","Paddy - IR","Accepted",14.96,13.464,2692.8,0.341749936342239,0.343169093132019,33.2872581481934,34.015811920166,19.43625831604,25.7976264953613,0.0878970995545387,300.86328125,0.499151736497879,0.723947644233704,0.599697113037109,0.591496706008911
82.07738,25.146897,424,57133,"UTTAR PRADESH","Allahabad","Meja","Pura Lachchan","2020/11/21","Paddy - IR","Accepted",21.8,19.62,3924,0.300693988800049,0.288975834846497,33.1337852478027,34.034236907959,19.4426727294922,25.7915382385254,0.0662589743733406,321.225372314453,0.474802881479263,0.571874439716339,0.745527923107147,0.670886099338531
82.081683,25.148533,426,57130,"UTTAR PRADESH","Allahabad","Meja","Pura Lachchan","2020/11/21","Paddy - IR","Accepted",17,15.3,3060,0.323802709579468,0.284099161624908,33.1177024841309,34.0401611328125,19.44260597229,25.7925586700439,0.0591399222612381,321.596130371094,0.503709614276886,0.540176630020142,0.515941858291626,0.556272149085999
82.082633,25.167597,427,57128,"UTTAR PRADESH","Allahabad","Meja","Tigja","2020/11/21","Paddy - IR","Accepted",15.88,14.292,2858.4,0.339808464050293,0.341668337583542,33.1154327392578,34.0499610900879,19.4416046142578,25.7961120605469,0.0556266866624355,315.807312011719,0.516391515731812,0.618577182292938,0.568090260028839,0.566915571689606
82.095988,25.19243,428,57127,"UTTAR PRADESH","Allahabad","Meja","Amora","2020/11/21","Paddy - IR","Accepted",19.87,17.883,3576.6,0.33966463804245,0.350450754165649,33.0955123901367,34.0715026855469,19.4400482177734,25.8026828765869,0.0441719256341457,306.761566162109,0.502379477024078,0.550391018390656,0.521228969097137,0.563591778278351
82.097606,25.168153,429,57126,"UTTAR PRADESH","Allahabad","Meja","Sirkhiri","2020/11/21","Paddy - IR","Accepted",12.15,10.935,2187,0.342265844345093,0.307279467582703,33.099178314209,34.0562515258789,19.4415435791016,25.7972202301025,0.0488812923431396,315.884765625,0.468273520469666,0.352728664875031,0.626037657260895,0.631898283958435
82.093474,25.156193,430,57124,"UTTAR PRADESH","Allahabad","Meja","Tigja","2020/11/21","Paddy - IR","Accepted",16.56,14.904,2980.8,0.32930389046669,0.29877707362175,33.100399017334,34.0511703491211,19.4420433044434,25.7953987121582,0.0504510812461376,318.925811767578,0.514421939849854,0.437922328710556,0.595085978507996,0.614761471748352
82.092694,25.152916,431,57122,"UTTAR PRADESH","Allahabad","Meja","Kardaha","2020/11/21","Paddy - IR","Accepted",20.37,18.333,3666.6,0.328399926424026,0.31777012348175,33.100399017334,34.0511703491211,19.4420433044434,25.7953987121582,0.0504510812461376,318.925811767578,0.497657924890518,0.44099149107933,0.636612355709076,0.63683009147644
82.046376,25.163779,432,57120,"UTTAR PRADESH","Allahabad","Meja","Bhatauti","2020/11/21","Paddy - IR","Accepted",15.44,13.896,2779.2,0.353928059339523,0.214064359664917,33.1804580688477,34.0247917175293,19.4418468475342,25.7916774749756,0.0826082676649094,315.49755859375,0.479410171508789,0.653885066509247,0.470708906650543,0.5061274766922
81.72813,25.265407,436,57109,"UTTAR PRADESH","Allahabad","Bara","Sarsendi","2020/11/20","Paddy - IR","Accepted",17.06,15.354,3070.8,0.307646244764328,0.299816578626633,33.6676635742188,33.8293571472168,19.4131603240967,25.7435035705566,0.131696000695229,331.474029541016,0.487213164567947,0.737856209278107,0.551202118396759,0.626306891441345
81.722341,25.274074,437,57108,"UTTAR PRADESH","Allahabad","Bara","Gundlapur","2020/11/20","Paddy - IR","Accepted",13.12,11.808,2361.6,0.320809811353683,0.269331842660904,33.6586532592773,33.8338050842285,19.406867980957,25.739709854126,0.124360002577305,332.555969238281,0.502253353595734,0.743682563304901,0.632641434669495,0.657311677932739
81.72211,25.278027,438,57107,"UTTAR PRADESH","Allahabad","Bara","Chhiri","2020/11/20","Paddy - IR","Accepted",12.98,11.682,2336.4,0.32316318154335,0.231295183300972,33.6586532592773,33.8338050842285,19.406867980957,25.739709854126,0.124360002577305,332.555969238281,0.487464874982834,0.739217579364777,0.441899001598358,0.499515652656555
81.721833,25.281475,439,57106,"UTTAR PRADESH","Allahabad","Bara","Chhiri","2020/11/20","Paddy - IR","Accepted",16.19,14.571,2914.2,0.336754024028778,0.28727126121521,33.6496429443359,33.8382568359375,19.4005756378174,25.7359180450439,0.117023997008801,333.637908935547,0.495306313037872,0.728048801422119,0.585800170898438,0.625681400299072
81.720734,25.288161,440,57105,"UTTAR PRADESH","Allahabad","Bara","Parsara","2020/11/20","Paddy - IR","Accepted",15.49,13.941,2788.2,0.32155168056488,0.33050137758255,33.6496429443359,33.8382568359375,19.4005756378174,25.7359180450439,0.117023997008801,333.637908935547,0.469247579574585,0.730965793132782,0.526055335998535,0.593431830406189
81.725229,25.286563,441,57104,"UTTAR PRADESH","Allahabad","Bara","Parsara","2020/11/20","Paddy - IR","Accepted",18.27,16.443,3288.6,0.334941923618317,0.319626033306122,33.6496429443359,33.8382568359375,19.4005756378174,25.7359180450439,0.117023997008801,333.637908935547,0.504545390605927,0.723801910877228,0.701817989349365,0.691293597221375
81.733801,25.281385,442,57103,"UTTAR PRADESH","Allahabad","Bara","Sarsendi","2020/11/20","Paddy - IR","Accepted",12.73,11.457,2291.4,0.279602527618408,0.327414304018021,33.6467018127441,33.8404884338379,19.4062805175781,25.7402744293213,0.117830403149128,332.489196777344,0.476563900709152,0.730264842510223,0.523723185062408,0.613451302051544
81.738889,25.295692,443,57102,"UTTAR PRADESH","Allahabad","Bara","Tatarganj","2020/11/20","Paddy - IR","Accepted",10.74,9.666,1933.2,0.34508228302002,0.345561116933823,33.6375465393066,33.8449287414551,19.3997821807861,25.7363262176514,0.110604800283909,333.511383056641,0.496201813220978,0.79125189781189,0.770481169223785,0.671680808067322
81.744717,25.289433,444,57101,"UTTAR PRADESH","Allahabad","Bara","Chhiria","2020/11/20","Paddy - IR","Accepted",18.82,16.938,3387.6,0.264743566513062,0.334430992603302,33.6437606811523,33.8427238464355,19.4119873046875,25.7446308135986,0.118636801838875,331.340484619141,0.470352351665497,0.733882188796997,0.655052840709686,0.659136414527893
81.744614,25.283011,445,57100,"UTTAR PRADESH","Allahabad","Bara","Chhiria","2020/11/20","Paddy - IR","Accepted",15.18,13.662,2732.4,0.345588833093643,0.343468219041824,33.6437606811523,33.8427238464355,19.4119873046875,25.7446308135986,0.118636801838875,331.340484619141,0.470346987247467,0.736201882362366,0.667881190776825,0.683787643909454
81.744227,25.274493,446,57099,"UTTAR PRADESH","Allahabad","Bara","Pandar","2020/11/20","Paddy - IR","Accepted",12.86,11.574,2314.8,0.313325226306915,0.330637782812119,33.6530609130859,33.8382949829102,19.4186935424805,25.7487354278564,0.125752002000809,330.378082275391,0.475324630737305,0.722226500511169,0.579900681972504,0.635200023651123
81.751015,25.269145,447,57098,"UTTAR PRADESH","Allahabad","Bara","Pandar","2020/11/20","Paddy - IR","Accepted",16.24,14.616,2923.2,0.322987526655197,0.304187893867493,33.6527786254883,33.8389167785645,19.4286460876465,25.7560939788818,0.1334528028965,328.386474609375,0.512340486049652,0.72647887468338,0.588493764400482,0.655037522315979
82.255414,25.336563,448,57097,"UTTAR PRADESH","Allahabad","Handia","Baraut","2020/11/18","Paddy - IR","Accepted",10.8,9.72,1944,0.195642590522766,0.322032898664474,32.8743095397949,34.2596473693848,19.4970760345459,25.9017295837402,0.104822024703026,281.471984863281,0.542280793190002,0.757939517498016,0.307395786046982,0.443240702152252
82.307902,25.328562,449,57096,"UTTAR PRADESH","Allahabad","Handia","Bhiti","2020/11/18","Paddy - IR","Accepted",14.33,12.897,2579.4,0.338243365287781,0.33763375878334,32.7945594787598,34.2946090698242,19.5001049041748,25.9102878570557,0.147261708974838,292.229278564453,0.518234550952911,0.690935730934143,0.688653767108917,0.698861956596375
81.817015,25.264087,450,57095,"UTTAR PRADESH","Allahabad","Karchhana","Pawar","2020/11/18","Paddy - IR","Accepted",16.04,14.436,2887.2,-0.0149246193468571,0.331128060817719,33.5536880493164,33.8860015869141,19.4308891296387,25.7671203613281,0.136966407299042,322.211364746094,0.523201406002045,0.720363140106201,0.642728507518768,0.659353375434875
81.843975,25.253171,451,57094,"UTTAR PRADESH","Allahabad","Karchhana","Dandupur","2020/11/17","Paddy - IR","Accepted",20.66,18.594,3718.8,0.294176578521729,0.341596961021423,33.5104827880859,33.9051895141602,19.4362030029297,25.774585723877,0.144734397530556,318.759033203125,0.508938074111938,0.729721307754517,0.546875,0.613705098628998
81.863998,25.250132,452,57093,"UTTAR PRADESH","Allahabad","Karchhana","Pulendra","2020/11/17","Paddy - IR","Accepted",15.78,14.202,2840.4,0.301327764987946,0.325712323188782,33.4768142700195,33.9208946228027,19.4363994598389,25.7777919769287,0.145684808492661,316.820190429688,0.546027481555939,0.709555566310883,0.533892452716827,0.607982873916626
81.848852,25.248178,453,57091,"UTTAR PRADESH","Allahabad","Karchhana","Belsara","2020/11/17","Paddy - IR","Accepted",10.76,9.684,1936.8,0.350152790546417,0.340953379869461,33.5131759643555,33.9027709960938,19.4385776519775,25.7752056121826,0.15074560046196,318.394226074219,0.491442769765854,0.710870087146759,0.60036689043045,0.650529026985168
81.854287,25.255169,454,57090,"UTTAR PRADESH","Allahabad","Karchhana","Bargohna Kala","2020/11/17","Paddy - IR","Accepted",20.5,18.45,3690,0.16349746286869,0.335418969392776,33.4936485290527,33.9130401611328,19.43630027771,25.7761898040771,0.145209595561028,317.789611816406,0.520881116390228,0.713755011558533,0.617789447307587,0.658909797668457
81.856478,25.260984,455,57089,"UTTAR PRADESH","Allahabad","Karchhana","Bargohna Kala","2020/11/17","Paddy - IR","Accepted",17.79,16.011,3202.2,0.265129715204239,0.354466557502747,33.4876289367676,33.9173889160156,19.4323844909668,25.774471282959,0.139308795332909,318.094635009766,0.538131177425385,0.727167427539825,0.543038547039032,0.605692446231842
81.919903,25.293061,456,57087,"UTTAR PRADESH","Allahabad","Karchhana","Karchana","2020/11/17","Paddy - IR","Accepted",21.47,19.323,3864.6,0.35027539730072,0.337636172771454,33.3762245178223,33.9773788452148,19.4278373718262,25.784574508667,0.10617346316576,309.276123046875,0.484302550554276,0.741723954677582,0.647472202777863,0.635052084922791
81.867787,25.316245,457,57086,"UTTAR PRADESH","Allahabad","Karchhana","Balapur","2020/11/17","Paddy - IR","Accepted",10.78,9.702,1940.4,0.345595419406891,0.346404373645782,33.4426078796387,33.9469299316406,19.4145526885986,25.7688980102539,0.110942400991917,318.291870117188,0.465226382017136,0.75623893737793,0.562792837619781,0.597694158554077
81.870694,25.350668,458,57085,"UTTAR PRADESH","Allahabad","Karchhana","Baramar","2020/11/17","Paddy - IR","Accepted",10.13,9.117,1823.4,0.342640221118927,0.343026787042618,33.4061622619629,33.9720687866211,19.4028415679932,25.7669200897217,0.0893600061535835,317.705963134766,0.513425886631012,0.763454735279083,0.652966260910034,0.671762347221375
81.876495,25.357087,459,57084,"UTTAR PRADESH","Allahabad","Karchhana","Bharauha","2020/11/17","Paddy - IR","Accepted",13.94,12.546,2509.2,0.260445207357407,0.341833204030991,33.4061622619629,33.9720687866211,19.4028415679932,25.7669200897217,0.0893600061535835,317.705963134766,0.516441226005554,0.739612698554993,0.612979412078857,0.648492217063904
81.871876,25.365282,460,57083,"UTTAR PRADESH","Allahabad","Karchhana","Chak Durgadatt","2020/11/17","Paddy - IR","Accepted",9.785,8.8065,1761.3,0.353590279817581,0.334581255912781,33.4007797241211,33.9763984680176,19.3994770050049,25.7656726837158,0.0836800038814545,317.891479492188,0.519870102405548,0.802677869796753,0.414713770151138,0.452976703643799
81.722203,25.29096,461,57070,"UTTAR PRADESH","Allahabad","Bara","Parsara","2020/11/20","Paddy - IR","Accepted",18.1,16.29,3258,0.270700216293335,0.323442846536636,33.6406326293945,33.8427047729492,19.3942832946777,25.7321262359619,0.109687998890877,334.719848632812,0.506492495536804,0.735166966915131,0.580943822860718,0.645107805728912
81.736508,25.289102,462,57069,"UTTAR PRADESH","Allahabad","Bara","Chhiria","2020/11/20","Paddy - IR","Accepted",12.73,11.457,2291.4,0.349610328674316,0.299504399299622,33.6467018127441,33.8404884338379,19.4062805175781,25.7402744293213,0.117830403149128,332.489196777344,0.518937528133392,0.73608011007309,0.827829957008362,0.727499425411224
81.745782,25.29327,463,57068,"UTTAR PRADESH","Allahabad","Bara","Tatarganj","2020/11/20","Paddy - IR","Accepted",9.155,8.2395,1647.9,0.350693851709366,0.341685861349106,33.6344566345215,33.8471527099609,19.4052791595459,25.7405242919922,0.111521601676941,332.302917480469,0.532443523406982,0.723628997802734,0.807370007038116,0.719483017921448
81.742863,25.286055,464,57067,"UTTAR PRADESH","Allahabad","Bara","Chhiria","2020/11/20","Paddy - IR","Accepted",12.76,11.484,2296.8,0.348807156085968,0.262338101863861,33.6437606811523,33.8427238464355,19.4119873046875,25.7446308135986,0.118636801838875,331.340484619141,0.486825376749039,0.712834656238556,0.70427930355072,0.697183072566986
81.74026,25.274832,465,57066,"UTTAR PRADESH","Allahabad","Bara","Umapur","2020/11/20","Paddy - IR","Accepted",17,15.3,3060,0.338930577039719,0.329133808612823,33.6530609130859,33.8382949829102,19.4186935424805,25.7487354278564,0.125752002000809,330.378082275391,0.503765881061554,0.713562428951263,0.70529180765152,0.699971854686737
81.746933,25.273147,466,57065,"UTTAR PRADESH","Allahabad","Bara","Pandar","2020/11/20","Paddy - IR","Accepted",14.16,12.744,2548.8,0.351321399211884,0.322028815746307,33.6530609130859,33.8382949829102,19.4186935424805,25.7487354278564,0.125752002000809,330.378082275391,0.532328844070435,0.775470912456512,0.642357170581818,0.650657534599304
81.808248,25.29523,467,57064,"UTTAR PRADESH","Allahabad","Bara","Gauhania","2020/11/20","Paddy - IR","Accepted",10.69,9.621,1924.2,0.339436322450638,0.286795675754547,33.5473518371582,33.891300201416,19.4146308898926,25.7566089630127,0.117022402584553,325.052124023438,0.478192359209061,0.719750285148621,0.57296884059906,0.629653632640839
81.66881,25.262698,468,57057,"UTTAR PRADESH","Allahabad","Bara","Babandhara","2020/11/20","Paddy - IR","Accepted",16.76,15.084,3016.8,0.319585680961609,0.293154418468475,33.6835746765137,33.8158264160156,19.3764419555664,25.7154884338379,0.128182396292686,337.649108886719,0.496169656515121,0.761210918426514,0.551896512508392,0.616420388221741
81.675147,25.24991,469,57056,"UTTAR PRADESH","Allahabad","Bara","Babandhara","2020/11/20","Paddy - IR","Accepted",6.685,6.0165,1203.3,0.263488054275513,0.337054669857025,33.6924476623535,33.8114395141602,19.3904399871826,25.7236099243164,0.144544005393982,333.858428955078,0.501238465309143,0.769129633903503,0.514670968055725,0.579017698764801
81.684818,25.247426,473,57047,"UTTAR PRADESH","Allahabad","Bara","Sehunda","2020/11/20","Paddy - IR","Accepted",14.66,13.194,2638.8,0.345703601837158,0.309411913156509,33.690013885498,33.813777923584,19.3969097137451,25.7286357879639,0.144908800721169,332.948760986328,0.520408153533936,0.735177040100098,0.606561958789825,0.642793476581573
81.690985,25.244045,474,57043,"UTTAR PRADESH","Allahabad","Bara","Sehunda","2020/11/20","Paddy - IR","Accepted",12.94,11.646,2329.2,0.349536061286926,0.333983868360519,33.6875839233398,33.8161201477051,19.4033813476562,25.7336616516113,0.145273596048355,332.039093017578,0.520388305187225,0.743293523788452,0.643347918987274,0.668831169605255
81.69529,25.242799,475,57041,"UTTAR PRADESH","Allahabad","Bara","Sehunda","2020/11/20","Paddy - IR","Accepted",12.81,11.529,2305.8,0.344001322984695,0.325641989707947,33.6875839233398,33.8161201477051,19.4033813476562,25.7336616516113,0.145273596048355,332.039093017578,0.514524757862091,0.763367533683777,0.636796534061432,0.653325498104095
81.682976,25.234667,476,57040,"UTTAR PRADESH","Allahabad","Bara","Nivi (CT)","2020/11/20","Paddy - IR","Accepted",14.85,13.365,2673,0.338441073894501,0.347190052270889,33.6882209777832,33.8141326904297,19.3969745635986,25.7267513275146,0.152686402201653,331.627777099609,0.520338237285614,0.754438161849976,0.764904379844666,0.711864411830902
81.664305,25.250491,477,57038,"UTTAR PRADESH","Allahabad","Bara","Banbeharia","2020/11/20","Paddy - IR","Accepted",12.81,11.529,2305.8,0.348582357168198,0.322337538003922,33.6917114257812,33.8113174438477,19.3814926147461,25.7183437347412,0.136180803179741,336.208587646484,0.496251553297043,0.749720454216003,0.643416523933411,0.669402122497559
81.661915,25.247728,478,57037,"UTTAR PRADESH","Allahabad","Bara","Bhondi","2020/11/20","Paddy - IR","Accepted",14.11,12.699,2539.8,0.33958974480629,0.300223708152771,33.6948776245117,33.8090972900391,19.3839702606201,25.7185840606689,0.144179195165634,334.768096923828,0.549736261367798,0.726425528526306,0.707539260387421,0.700608730316162
81.685875,25.237157,480,57033,"UTTAR PRADESH","Allahabad","Bara","Nivi (CT)","2020/11/20","Paddy - IR","Accepted",12.5,11.25,2250,0.349074989557266,0.344709515571594,33.6882209777832,33.8141326904297,19.3969745635986,25.7267513275146,0.152686402201653,331.627777099609,0.526809275150299,0.730705142021179,0.617811918258667,0.653023838996887
81.704588,25.246869,481,57032,"UTTAR PRADESH","Allahabad","Bara","Sehunda","2020/11/20","Paddy - IR","Accepted",15.35,13.815,2763,0.197365075349808,0.263563185930252,33.6851539611816,33.8184623718262,19.4098510742188,25.7386875152588,0.145638406276703,331.129455566406,0.542491853237152,0.754340350627899,0.611126244068146,0.646753251552582
81.753707,25.273147,482,57031,"UTTAR PRADESH","Allahabad","Bara","Pandar","2020/11/20","Paddy - IR","Accepted",12.48,11.232,2246.4,0.342515647411346,0.306333035230637,33.6435661315918,33.8433380126953,19.4219741821289,25.7520294189453,0.126448005437851,329.289123535156,0.536084532737732,0.725239872932434,0.588601589202881,0.636014103889465
81.757721,25.275191,483,57029,"UTTAR PRADESH","Allahabad","Bara","Pandar","2020/11/20","Paddy - IR","Accepted",14,12.6,2520,0.353445738554001,0.343707978725433,33.6435661315918,33.8433380126953,19.4219741821289,25.7520294189453,0.126448005437851,329.289123535156,0.545707285404205,0.80054646730423,0.561544895172119,0.559059500694275
82.048625,24.961734,553,56853,"UTTAR PRADESH","Allahabad","Koraon","Khajuri Kalan","2020/11/17","Paddy - IR","Accepted",20.5,18.45,3690,0.340775668621063,0.34569925069809,33.1961975097656,33.9415435791016,19.4520606994629,25.759693145752,0.591616332530975,456.262664794922,0.487589687108994,0.604869544506073,0.778794407844543,0.704136252403259
82.120818,24.986372,554,56852,"UTTAR PRADESH","Allahabad","Koraon","Dhav","2020/11/17","Paddy - IR","Accepted",19.7,17.73,3546,0.342377245426178,0.341984033584595,33.0770874023438,33.973690032959,19.4502029418945,25.7653770446777,0.199361026287079,487.37451171875,0.524222850799561,0.62321662902832,0.493200421333313,0.472443252801895
81.98834,25.443821,556,56833,"UTTAR PRADESH","Allahabad","Phulpur","Bani","2020/11/18","Paddy - IR","Accepted",11.51,10.359,2071.8,0.342201769351959,0.349507093429565,33.2392997741699,34.0959243774414,19.4312267303467,25.822416305542,0.0415936931967735,282.807586669922,0.510455191135406,0.78871887922287,0.645518064498901,0.656213045120239
81.937664,25.279848,570,56782,"UTTAR PRADESH","Allahabad","Karchhana","karchhana","2020/11/17","Paddy - IR","Accepted",4.61,4.149,829.8,0.301524490118027,0.327788233757019,33.3520393371582,33.9844512939453,19.4336624145508,25.7893352508545,0.106658257544041,307.006683349609,0.514678061008453,0.741805911064148,0.6103755235672,0.610968291759491
81.93659,25.27319,586,56766,"UTTAR PRADESH","Allahabad","Karchhana","ledahiya sonai","2020/11/16","Paddy - IR","Accepted",10.47,9.423,1884.6,0.34333336353302,0.238193958997726,33.3520393371582,33.9844512939453,19.4336624145508,25.7893352508545,0.106658257544041,307.006683349609,0.498233675956726,0.749048352241516,0.639426231384277,0.635271608829498
81.779867,25.275169,587,56764,"UTTAR PRADESH","Allahabad","Bara","Mauharia","2020/11/17","Paddy - IR","Accepted",20.73,18.657,3731.4,0.351426959037781,0.341319173574448,33.6111717224121,33.859016418457,19.4232730865479,25.7561740875244,0.127839997410774,327.111236572266,0.515748560428619,0.732842743396759,0.724445641040802,0.707793951034546
81.935815,25.277575,588,56763,"UTTAR PRADESH","Allahabad","Karchhana","ahiran basti","2020/11/17","Paddy - IR","Accepted",5.5,4.95,990,0.331418931484222,0.348785161972046,33.3520393371582,33.9844512939453,19.4336624145508,25.7893352508545,0.106658257544041,307.006683349609,0.515259623527527,0.738983273506165,0.64956659078598,0.603443920612335
81.94169,25.277623,589,56762,"UTTAR PRADESH","Allahabad","Karchhana","kalwarpur","2020/11/16","Paddy - IR","Accepted",11.69,10.521,2104.2,0.346177875995636,0.32833194732666,33.3358459472656,33.9922904968262,19.4343109130859,25.7914085388184,0.101967968046665,305.470825195312,0.505617797374725,0.719675421714783,0.622548997402191,0.624891459941864
81.78596,25.269108,590,56760,"UTTAR PRADESH","Allahabad","Bara","Tikari Taluka Kanjasa","2020/11/17","Paddy - IR","Accepted",17.39,15.651,3130.2,0.341537058353424,0.331264346837997,33.6032333374023,33.8624610900879,19.4297676086426,25.7616081237793,0.135209605097771,325.298919677734,0.479461580514908,0.746120870113373,0.646936774253845,0.675594329833984
81.947799,25.285262,591,56757,"UTTAR PRADESH","Allahabad","Karchhana","Karchana","2020/11/17","Paddy - IR","Accepted",11.52,10.368,2073.6,0.347391784191132,0.351942270994186,33.3326988220215,33.9965705871582,19.4328746795654,25.791805267334,0.0975957661867142,304.629699707031,0.504423439502716,0.701239407062531,0.646873235702515,0.6307692527771
81.950783,25.287198,592,56755,"UTTAR PRADESH","Allahabad","Karchhana","Bharaha","2020/11/16","Paddy - IR","Accepted",7.18,6.462,1292.4,0.336719334125519,0.343222588300705,33.316822052002,34.0044059753418,19.4337997436523,25.7941131591797,0.0930922999978065,302.947204589844,0.512627243995667,0.703727126121521,0.64093142747879,0.620689630508423
81.948064,25.289582,593,56753,"UTTAR PRADESH","Allahabad","Karchhana","Basariya","2020/11/17","Paddy - IR","Accepted",10.47,9.423,1884.6,0.332246065139771,0.353761970996857,33.3326988220215,33.9965705871582,19.4328746795654,25.791805267334,0.0975957661867142,304.629699707031,0.507091164588928,0.737756729125977,0.689046919345856,0.623752474784851
81.934235,25.297557,594,56747,"UTTAR PRADESH","Allahabad","Karchhana","chaneeni","2020/11/16","Paddy - IR","Accepted",4.745,4.2705,854.1,0.341615736484528,0.333433389663696,33.3451118469238,33.9930267333984,19.4302368164062,25.7896595001221,0.0975401923060417,305.617767333984,0.501768529415131,0.760686993598938,0.561380982398987,0.580617249011993
81.926542,25.304765,595,56746,"UTTAR PRADESH","Allahabad","Karchhana","Harduwa","2020/11/17","Paddy - IR","Accepted",5.08,4.572,914.4,0.349044173955917,0.331979423761368,33.3568840026855,33.9894981384277,19.4270496368408,25.7870445251465,0.0971109643578529,306.899139404297,0.503167331218719,0.772799253463745,0.675608158111572,0.667856156826019
81.92186,25.306165,596,56744,"UTTAR PRADESH","Allahabad","Karchhana","Harduwa","2020/11/16","Paddy - IR","Accepted",14.37,12.933,2586.6,0.312791734933853,0.328282982110977,33.3568840026855,33.9894981384277,19.4270496368408,25.7870445251465,0.0971109643578529,306.899139404297,0.505797445774078,0.738525450229645,0.536838531494141,0.592859387397766
81.836196,25.268206,597,56743,"UTTAR PRADESH","Allahabad","Karchhana","Bari Bajahiya","2020/11/17","Paddy - IR","Accepted",24.4,21.96,4392,0.344975620508194,0.33916774392128,33.5206565856934,33.9016952514648,19.4316368103027,25.7707958221436,0.138137608766556,320.153015136719,0.516521990299225,0.712154567241669,0.629415571689606,0.660134732723236
81.924034,25.30302,598,56742,"UTTAR PRADESH","Allahabad","Karchhana","Mungari","2020/11/17","Paddy - IR","Accepted",10.33,9.297,1859.4,0.271412640810013,0.34500440955162,33.3568840026855,33.9894981384277,19.4270496368408,25.7870445251465,0.0971109643578529,306.899139404297,0.507600128650665,0.756059587001801,0.661545276641846,0.675889313220978
81.876622,25.353778,602,56730,"UTTAR PRADESH","Allahabad","Karchhana","Bharauha","2020/11/16","Paddy - IR","Accepted",7.015,6.3135,1262.7,0.314386516809464,0.332010567188263,33.4061622619629,33.9720687866211,19.4028415679932,25.7669200897217,0.0893600061535835,317.705963134766,0.513595461845398,0.757623493671417,0.487818568944931,0.539416491985321
82.026592,25.577208,603,56729,"UTTAR PRADESH","Allahabad","Phulpur","Patulki","2020/11/16","Paddy - IR","Accepted",11.88,10.692,2138.4,0.334375470876694,0.324065268039703,33.1885566711426,34.1816711425781,19.4625473022461,25.8762664794922,0.037231158465147,259.600524902344,0.509816467761993,0.731873035430908,0.564098060131073,0.594719052314758
82.031283,25.575784,604,56728,"UTTAR PRADESH","Allahabad","Phulpur","Patulki","2020/11/16","Paddy - IR","Accepted",18.15,16.335,3267,0.3465835750103,0.306211620569229,33.1819458007812,34.1892929077148,19.4714641571045,25.8853855133057,0.0386310368776321,254.839752197266,0.518708109855652,0.733611702919006,0.651471316814423,0.635508835315704
82.034498,25.577739,605,56727,"UTTAR PRADESH","Allahabad","Phulpur","Patulki","2020/11/16","Paddy - IR","Accepted",20.39,18.351,3670.2,0.286142647266388,0.344467580318451,33.1819458007812,34.1892929077148,19.4714641571045,25.8853855133057,0.0386310368776321,254.839752197266,0.495103299617767,0.730107367038727,0.580246150493622,0.614643573760986
82.037512,25.575459,606,56726,"UTTAR PRADESH","Allahabad","Phulpur","Patulki","2020/11/16","Paddy - IR","Accepted",20.88,18.792,3758.4,0.341261714696884,0.309031307697296,33.1819458007812,34.1892929077148,19.4714641571045,25.8853855133057,0.0386310368776321,254.839752197266,0.512847542762756,0.72379207611084,0.517314732074738,0.574367642402649
82.04099,25.576802,607,56725,"UTTAR PRADESH","Allahabad","Phulpur","Udaepur","2020/11/16","Paddy - IR","Accepted",17.94,16.146,3229.2,0.328350305557251,0.333712130784988,33.1753311157227,34.1969146728516,19.4803810119629,25.8945064544678,0.040030911564827,250.078979492188,0.503633797168732,0.720257639884949,0.541093349456787,0.595497965812683
82.046377,25.57797,608,56724,"UTTAR PRADESH","Allahabad","Phulpur","Udaepur","2020/11/16","Paddy - IR","Accepted",17.88,16.092,3218.4,0.236195936799049,0.333816528320312,33.1753311157227,34.1969146728516,19.4803810119629,25.8945064544678,0.040030911564827,250.078979492188,0.507410168647766,0.732523322105408,0.492002665996552,0.574982225894928
82.05074,25.582391,609,56723,"UTTAR PRADESH","Allahabad","Phulpur","Udaepur","2020/11/16","Paddy - IR","Accepted",13.6,12.24,2448,0.295882612466812,0.338237434625626,33.1690864562988,34.2087326049805,19.4908924102783,25.9066066741943,0.0421421378850937,244.38249206543,0.509568929672241,0.73022073507309,0.50931715965271,0.602252721786499
82.054887,25.584819,610,56722,"UTTAR PRADESH","Allahabad","Phulpur","Makhdoompur","2020/11/16","Paddy - IR","Accepted",15.91,14.319,2863.8,0.34630486369133,0.337333917617798,33.1690864562988,34.2087326049805,19.4908924102783,25.9066066741943,0.0421421378850937,244.38249206543,0.494911789894104,0.755838334560394,0.554861724376678,0.626174509525299
82.065401,25.56809,611,56720,"UTTAR PRADESH","Allahabad","Phulpur","shevkhan pur","2020/11/16","Paddy - IR","Accepted",9.325,8.3925,1678.5,0.31810662150383,0.325639218091965,33.1614151000977,34.2079620361328,19.4963436126709,25.9095287322998,0.0419082194566727,241.581039428711,0.552033245563507,0.736749470233917,0.713698327541351,0.6727574467659
82.073875,25.550386,612,56719,"UTTAR PRADESH","Allahabad","Phulpur","Sarai Lili Urf Khojapur","2020/11/16","Paddy - IR","Accepted",14.79,13.311,2662.2,0.328631490468979,0.326087236404419,33.1534767150879,34.2114028930664,19.5028381347656,25.9149627685547,0.0419634580612183,238.019714355469,0.506625056266785,0.755110561847687,0.593609988689423,0.59753954410553
82.074184,25.545305,613,56718,"UTTAR PRADESH","Allahabad","Phulpur","khojapur","2020/11/16","Paddy - IR","Accepted",12.85,11.565,2313,0.351543992757797,0.346587479114532,33.1524696350098,34.207218170166,19.5006923675537,25.9115123748779,0.0408299192786217,239.131240844727,0.539767026901245,0.719536900520325,0.611027479171753,0.61194896697998
81.872855,25.352416,614,56717,"UTTAR PRADESH","Allahabad","Karchhana","chandupur","2020/11/17","Paddy - IR","Accepted",4.92,4.428,885.6,0.286307543516159,0.300100564956665,33.4061622619629,33.9720687866211,19.4028415679932,25.7669200897217,0.0893600061535835,317.705963134766,0.460243970155716,0.746751487255096,0.512843132019043,0.581860601902008
81.801891,25.708144,626,56675,"UTTAR PRADESH","Allahabad","Soraon","singhan","2020/11/16","Paddy - IR","Accepted",5.965,5.3685,1073.7,0.163782298564911,0.318963527679443,33.2350311279297,34.0709991455078,19.1975555419922,25.6380481719971,0.0148754436522722,344.081146240234,0.508633375167847,0.813153266906738,0.563661277294159,0.628694772720337
81.794731,25.691933,627,56674,"UTTAR PRADESH","Allahabad","Soraon","subedar ka purwa","2020/11/16","Paddy - IR","Accepted",8.47,7.623,1524.6,0.329256594181061,0.290896892547607,33.2454299926758,34.05908203125,19.1906280517578,25.6290016174316,0.0178587753325701,333.621124267578,0.513979315757751,0.773261904716492,0.574033379554749,0.64411860704422
81.793399,25.66533,628,56673,"UTTAR PRADESH","Allahabad","Soraon","jeetpur","2020/11/16","Paddy - IR","Accepted",10.08,9.072,1814.4,0.308424353599548,0.344048202037811,33.2692413330078,34.0459136962891,19.2073383331299,25.6383819580078,0.0207459703087807,313.536499023438,0.50676965713501,0.792082488536835,0.675299346446991,0.676429569721222
81.813731,25.602804,629,56671,"UTTAR PRADESH","Allahabad","Soraon","girdharpur","2020/11/16","Paddy - IR","Accepted",7.08,6.372,1274.4,0.154708668589592,0.321993410587311,33.305549621582,34.0347671508789,19.2602443695068,25.6767902374268,0.0225289352238178,300.994598388672,0.490837007761002,0.750866234302521,0.620707273483276,0.643046140670776
81.832906,25.589346,630,56670,"UTTAR PRADESH","Allahabad","Soraon","sivghar","2020/11/16","Paddy - IR","Accepted",2.14,1.926,385.2,0.338789790868759,0.328137874603271,33.307559967041,34.0412445068359,19.2886657714844,25.7008113861084,0.0219904761761427,312.79296875,0.490382701158524,0.830904603004456,0.552562177181244,0.587585806846619
81.85028,25.566606,631,56669,"UTTAR PRADESH","Allahabad","Soraon","khushiyan ka Purva","2020/11/16","Paddy - IR","Accepted",2.245,2.0205,404.1,0.341096490621567,0.343512684106827,33.3070106506348,34.047779083252,19.314884185791,25.7229557037354,0.0229801889508963,322.152069091797,0.458654910326004,0.815035700798035,0.610108494758606,0.603559851646423
82.044308,25.561107,632,56668,"UTTAR PRADESH","Allahabad","Phulpur","Tisaura","2020/11/16","Paddy - IR","Accepted",16.97,15.273,3054.6,0.334233611822128,0.324437290430069,33.1752815246582,34.1927070617676,19.479061126709,25.8917598724365,0.0395306572318077,250.926773071289,0.533482253551483,0.759027719497681,0.532816469669342,0.581502139568329
81.797175,25.69454,633,56667,"UTTAR PRADESH","Allahabad","Soraon","kathara","2020/11/16","Paddy - IR","Accepted",11.66,10.494,2098.8,0.35064709186554,0.320814698934555,33.2454299926758,34.05908203125,19.1906280517578,25.6290016174316,0.0178587753325701,333.621124267578,0.516653954982758,0.777266323566437,0.554148733615875,0.64057183265686
81.789405,25.670568,634,56666,"UTTAR PRADESH","Allahabad","Soraon","newada","2020/11/16","Paddy - IR","Accepted",5.08,4.572,914.4,0.303768306970596,0.3360795378685,33.2647247314453,34.0427551269531,19.1900959014893,25.6237869262695,0.0221624802798033,315.652130126953,0.49952906370163,0.774773299694061,0.613237977027893,0.66497141122818
81.788852,25.626278,635,56665,"UTTAR PRADESH","Allahabad","Soraon","Sultanpur","2020/11/16","Paddy - IR","Accepted",7.565,6.8085,1361.7,0.346971958875656,0.31242173910141,33.3060035705566,34.0207672119141,19.2193241119385,25.6405944824219,0.02757110260427,280.820861816406,0.486455261707306,0.797084450721741,0.324049144983292,0.380575776100159
81.794748,25.62588,636,56661,"UTTAR PRADESH","Allahabad","Soraon","virsinghpur","2020/11/16","Paddy - IR","Accepted",10.49,9.441,1888.2,0.342163592576981,0.207920521497726,33.3009872436523,34.0283508300781,19.2296180725098,25.6508884429932,0.0245955660939217,286.756988525391,0.548306047916412,0.806023955345154,0.568524122238159,0.619829475879669
81.828493,25.584872,637,56650,"UTTAR PRADESH","Allahabad","Soraon","purana shivghar","2020/11/16","Paddy - IR","Accepted",11.15,10.035,2007,0.281464993953705,0.290211498737335,33.3138542175293,34.0336303710938,19.2794742584229,25.6914577484131,0.0242019277065992,308.076477050781,0.490932106971741,0.801169991493225,0.69475519657135,0.689225792884827
81.839788,25.685246,643,56623,"UTTAR PRADESH","Allahabad","Soraon","Harakhpur","2020/11/10","Paddy - IR","Accepted",5.09,4.581,916.2,0.275811731815338,0.331454157829285,33.240966796875,34.0848541259766,19.2439880371094,25.6789417266846,0.00978283956646919,344.157775878906,0.462987214326859,0.798722624778748,0.539583206176758,0.610962569713593
82.298084,25.428452,668,56525,"UTTAR PRADESH","Allahabad","Handia","Khojhva","2020/11/14","Paddy - IR","Accepted",11.83,10.647,2129.4,0.346014529466629,0.290514260530472,32.8894920349121,34.3270530700684,19.5801639556885,25.9932193756104,0.097434863448143,284.374176025391,0.509850263595581,0.686224341392517,0.609099090099335,0.659643411636353
82.112734,24.982759,707,56425,"UTTAR PRADESH","Allahabad","Koraon","Barvari Kalan","2020/11/13","Paddy - IR","Accepted",22.37,20.133,4026.6,0.353070795536041,0.297555983066559,33.0917778015137,33.9707107543945,19.4503078460693,25.7650661468506,0.240596190094948,481.430328369141,0.500759959220886,0.642693102359772,0.499231964349747,0.592062473297119
82.199545,25.365532,725,56384,"UTTAR PRADESH","Allahabad","Handia","Chak Abdula","2020/11/13","Paddy - IR","Accepted",19.38,17.442,3488.4,0.350101917982101,0.351428151130676,32.9745025634766,34.2251663208008,19.4996185302734,25.8996448516846,0.0522620677947998,262.225311279297,0.514825105667114,0.709655463695526,0.648914635181427,0.671257495880127
82.15471,25.384985,844,56042,"UTTAR PRADESH","Allahabad","saidabad","sujoola","2020/11/11","Paddy - IR","Accepted",7.27,6.543,1308.6,0.3373644053936,0.316185921430588,33.034912109375,34.2023239135742,19.4958019256592,25.8935585021973,0.0267089139670134,248.878128051758,0.531529724597931,0.707692205905914,0.523826539516449,0.603702425956726
82.155625,25.385866,847,56038,"UTTAR PRADESH","Allahabad","Handia","mardapur","2020/11/11","Paddy - IR","Accepted",10.58,9.522,1904.4,0.292042553424835,0.344811886548996,33.034912109375,34.2023239135742,19.4958019256592,25.8935585021973,0.0267089139670134,248.878128051758,0.50418347120285,0.699544131755829,0.542718946933746,0.607620298862457
82.081431,25.474521,857,56024,"UTTAR PRADESH","Allahabad","Handia","jalalpur","2020/11/11","Paddy - IR","Accepted",16.01,14.409,2881.8,0.342403650283813,0.349175751209259,33.1356201171875,34.1856117248535,19.4918308258057,25.8941307067871,0.032184075564146,243.030364990234,0.505093336105347,0.726996123790741,0.696134090423584,0.652724981307983
82.07193,25.475698,859,56019,"UTTAR PRADESH","Allahabad","Handia","saura","2020/11/11","Paddy - IR","Accepted",14.76,13.284,2656.8,0.337674677371979,0.326380133628845,33.1454277038574,34.1779174804688,19.4856700897217,25.8873596191406,0.0328951440751553,246.912002563477,0.530137777328491,0.716677367687225,0.693675577640533,0.679912328720093
82.02938,25.48843,870,56001,"UTTAR PRADESH","Allahabad","Phulpur","bagai kla","2020/11/11","Paddy - IR","Accepted",7.47,6.723,1344.6,0.337840408086777,0.337452471256256,33.1938743591309,34.1436729431152,19.4556350708008,25.8557834625244,0.0365285538136959,265.648193359375,0.513028621673584,0.719431042671204,0.653710246086121,0.648388922214508
81.851012,25.685177,934,55882,"UTTAR PRADESH","Allahabad","Soraon","Mahraunda","2020/11/10","Paddy - IR","Accepted",28.47,25.623,5124.6,0.346941977739334,0.336403101682663,33.2347640991211,34.0999336242676,19.2678833007812,25.7023487091064,0.0052636731415987,352.773529052734,0.4521264731884,0.780373215675354,0.625499606132507,0.658551275730133
82.055908,25.588762,952,55850,"UTTAR PRADESH","Allahabad","Phulpur","Makhdoompur","2020/11/10","Paddy - IR","Accepted",8.74,7.866,1573.2,0.348751783370972,0.352485358715057,33.1690864562988,34.2087326049805,19.4908924102783,25.9066066741943,0.0421421378850937,244.38249206543,0.501748204231262,0.790481209754944,0.524076163768768,0.563855409622192
