S_No_,Long,Lat,USIN,State,District,Block_Mand,Village,CCE_Date,Geo_Coordi,Target_Cro,CCE_Plot_S,QC_Status,Wet_Weight,Dry_Weight,Yield_kg_h,CCCI_Jaya_Shankar_250,CWSI_Jaya_Shankar_250,EVI_225_TS_Jaya,EVI_257_TS_Jaya,Jaya_Shankar_max_GS_250,Jaya_Shankar_max_VS_250,Jaya_Shankar_min_GS_250,Jaya_Shankar_min_VS_250,Jaya_Shankar_rf_GS_250,Jaya_Shankar_rf_VS_250,JayaShankar_17_Aug_SM_250m,jayashankar_4_oct_sm_250m,NDVI_225_TS_Jaya,NDVI_257_TS_Jaya
2514,79.84216166,18.650956,59725,TELANGANA,Jaya Shankar,Kataram,Vilasagar,25-12-2020,POINT(79.8421616584396 18.6509560007669),Paddy - IR,Square (5x5m),Accepted,10.43,9.387,3755,0.308412403,0.599813282,0.187000006,0.771300018,30.3637619,31.54898262,23.50666809,24.0069561,190.049881,821.2990723,0.221338227,0.323858768,0.355699986,0.879599988
2515,79.84329072,18.69992815,59724,TELANGANA,Jaya Shankar,Kataram,Damerakunta,25-12-2020,POINT(79.8432907245768 18.6999281490013),Paddy - IR,Square (5x5m),Accepted,9.515,8.5635,3425,0.30607754,0.577930152,0.111900002,0.383700013,30.36778259,31.53127098,23.45553017,23.95829582,213.1569977,779.833313,0.221338227,0.332436115,0.187000006,0.545599997
2516,79.89959726,18.81293122,59723,TELANGANA,Jaya Shankar,Mahadevpur,Kaleswaram,25-12-2020,POINT(79.8995972556035 18.8129312157111),Paddy - IR,Square (5x5m),Accepted,9.11,8.199,3280,0.310749739,0.561134875,0.388000011,0.505800009,30.36106873,31.47915649,23.33498001,23.85081291,273.2380066,691.6986084,0.284434885,0.322996914,0.540199995,0.692799985
2517,79.90534735,18.8041671,59722,TELANGANA,Jaya Shankar,Mahadevpur,Kaleswaram,25-12-2020,POINT(79.9053473461792 18.8041671032938),Paddy - IR,Square (5x5m),Accepted,9.32,8.388,3355,0.303323627,0.561001122,0.311199993,0.605000019,30.35623169,31.48322487,23.3528347,23.86865807,268.210968,719.9708862,0.282569379,0.340885729,0.430900007,0.769299984
2518,79.95924833,18.75648379,59721,TELANGANA,Jaya Shankar,Mahadevpur,Kudurpalle,25-12-2020,POINT(79.9592483346814 18.7564837905354),Paddy - IR,Square (5x5m),Accepted,9.505,8.5545,3422,0.315678716,0.559503734,0.141299993,0.285400003,30.33168221,31.50075531,23.43459892,23.94779968,253.8664398,840.6633301,0.292912275,0.322119504,0.242899999,0.520399988
2519,79.96999004,18.74320735,59677,TELANGANA,Jaya Shankar,Mahadevpur,Edapalle,24-12-2020,POINT(79.9699900367215 18.7432073487159),Paddy - IR,Square (5x5m),Accepted,9.475,8.5275,3411,0.317247301,0.512447596,0.314399987,0.528199971,30.3266983,31.50370026,23.44944954,23.96160889,253.1556702,860.6679688,0.286239266,0.344313323,0.4639,0.807900012
2520,79.98606227,18.73791303,59676,TELANGANA,Jaya Shankar,Mahadevpur,Mahadevpur,24-12-2020,POINT(79.9860622672404 18.7379130264953),Paddy - IR,Square (5x5m),Accepted,8.95,8.055,3222,0.312391192,0.599117517,0.079800002,0.53640002,30.31783485,31.50590897,23.46836853,23.9797554,256.39151,893.6013184,0.282569379,0.337177515,0.130999997,0.804499984
2521,80.00954977,18.72490578,59675,TELANGANA,Jaya Shankar,Mahadevpur,Mahadevpur,24-12-2020,POINT(80.0095497699405 18.7249057837536),Paddy - IR,Square (5x5m),Accepted,9.14,8.226,3290,0.317854285,0.727583706,0.168599993,0.234400004,30.30892181,31.50774384,23.48628616,23.99655533,261.0661011,923.7787476,0.286239266,0.323858768,0.341399997,0.514900029
2522,80.00611389,18.69550799,59674,TELANGANA,Jaya Shankar,Mahadevpur,Elkeswaram,24-12-2020,POINT(80.0061138867947 18.6955079945162),Paddy - IR,Square (5x5m),Accepted,8.81,7.929,3172,0.308636367,0.626738548,0.549799979,0.630599976,30.3053112,31.51652718,23.51262093,24.01690483,255.7265015,928.4715576,0.215894818,0.340885729,0.699400008,0.875400007
2523,80.00407677,18.70624956,59673,TELANGANA,Jaya Shankar,Mahadevpur,Elkeswaram,24-12-2020,POINT(80.0040767662781 18.7062495574559),Paddy - IR,Square (5x5m),Accepted,9.195,8.2755,3310,0.319475383,0.63605237,0.323000014,0.453700006,30.30651474,31.5135994,23.5038414,24.0101223,257.5063782,926.9072876,0.26223582,0.35046649,0.503099978,0.75059998
2524,80.00085525,18.71606341,59672,TELANGANA,Jaya Shankar,Mahadevpur,Bommapur,24-12-2020,POINT(80.0008552528982 18.7160634068514),Paddy - IR,Square (5x5m),Accepted,8.79,7.911,3164,0.308810025,0.611378372,0.212799996,0.551500022,30.30771828,31.51067162,23.49506378,24.00333786,259.2862549,925.3430176,0.312355846,0.351878941,0.351300001,0.797900021
2525,79.98453001,18.71281193,59620,TELANGANA,Jaya Shankar,Mahadevpur,Bommapur,24-12-2020,POINT(79.9845300083903 18.7128119327807),Paddy - IR,Square (5x5m),Accepted,9.02,8.118,3247,0.307985485,0.585204184,0.468600005,0.507099986,30.31547737,31.51214027,23.48692513,23.99466705,251.3930206,899.4857178,0.350942314,0.355859101,0.605199993,0.701099992
2526,79.95767461,18.54468143,59570,TELANGANA,Jaya Shankar,Mutharam (Mahadevpur),Polaram,23-12-2020,POINT(79.9576746127465 18.544681428096),Paddy - IR,Square (5x5m),Accepted,10.43,9.387,3755,0.300578713,0.597694218,0.327499986,0.389899999,30.30771255,31.57208061,23.64523315,24.12556267,252.6195068,1046.124268,0.346460849,0.298846096,0.5546,0.608500004
2527,79.99692474,18.56110891,59569,TELANGANA,Jaya Shankar,Mutharam (Mahadevpur),Stambhampalle (P.K.),23-12-2020,POINT(79.9969247401792 18.5611089054772),Paddy - IR,Square (5x5m),Accepted,11.56,10.404,4162,0.309309006,0.702472985,0.247600004,0.484800011,30.2937355,31.55672646,23.62642479,24.105793,261.0942688,1029.08667,0.30023095,0.339682877,0.371499985,0.710099995
2528,79.99936432,18.56891055,59568,TELANGANA,Jaya Shankar,Mutharam (Mahadevpur),Stambhampalle (P.K.),23-12-2020,POINT(79.9993643152583 18.5689105490425),Paddy - IR,Square (5x5m),Accepted,10.43,9.387,3755,0.302173197,0.742656171,0.3046,0.526899993,30.2937355,31.55672646,23.62642479,24.105793,261.0942688,1029.08667,0.215894818,0.356279403,0.458299994,0.783900023
2529,80.20500401,18.5393121,59567,TELANGANA,Jaya Shankar,Mutharam (Mahadevpur),Kankunoor,23-12-2020,POINT(80.2050040055089 18.5393121046692),Paddy - IR,Square (5x5m),Accepted,15.19,13.671,5468,0.30555281,0.503040671,0.436300009,0.339399993,30.20401955,31.51494026,23.64430809,24.09104919,318.6387329,1135.015259,0.25027445,0.338447332,0.577899992,0.458499998
2530,80.2027094,18.55608414,59566,TELANGANA,Jaya Shankar,Mutharam (Mahadevpur),Kankunoor,23-12-2020,POINT(80.2027094027543 18.5560841386072),Paddy - IR,Square (5x5m),Accepted,11.5,10.35,4140,0.30289948,0.689693391,0.315600008,0.357300013,30.20691872,31.51283455,23.63676834,24.09093857,316.8581543,1120.365723,0.274412036,0.324705422,0.439099997,0.521000028
2531,80.1333293,18.4716517,59565,TELANGANA,Jaya Shankar,Mutharam (Mahadevpur),Regula Gudem,23-12-2020,POINT(80.1333293036534 18.4716517019456),Paddy - IR,Square (5x5m),Accepted,13.17,11.853,4741,0.315759748,0.707067788,0.330300003,0.610400021,30.22455025,31.54214478,23.68051338,24.11754227,319.9204102,1187.852051,0.327159435,0.343199551,0.528100014,0.807900012
2532,80.1348522,18.47977665,59564,TELANGANA,Jaya Shankar,Mutharam (Mahadevpur),Borlagudem,23-12-2020,POINT(80.1348522004248 18.4797766469382),Paddy - IR,Square (5x5m),Accepted,12.06,10.854,4342,0.314437807,0.774458349,0.341300011,0.553200006,30.22455025,31.54214478,23.68051338,24.11754227,319.9204102,1187.852051,0.323858768,0.335204601,0.527400017,0.712199986
2533,80.12437954,18.49269799,59563,TELANGANA,Jaya Shankar,Mutharam (Mahadevpur),Borlagudem,23-12-2020,POINT(80.1243795426958 18.4926979935625),Paddy - IR,Square (5x5m),Accepted,12,10.8,4320,0.312600642,0.754025996,0.282700002,0.556400001,30.23143005,31.54152298,23.67090797,24.11578751,320.6914368,1166.59314,0.264884233,0.322996914,0.486600012,0.717599988
2534,80.00286511,18.54563342,59562,TELANGANA,Jaya Shankar,Mutharam (Mahadevpur),Mutharam (Mahadevpur),23-12-2020,POINT(80.0028651136647 18.545633419953),Paddy - IR,Square (5x5m),Accepted,12.26,11.034,4414,0.30637598,0.627344072,0.301699996,0.456,30.28726387,31.56044197,23.64429474,24.11865044,273.6340637,1064.991089,0.259462684,0.311265141,0.441700011,0.605199993
2535,80.02371196,18.52058798,59561,TELANGANA,Jaya Shankar,Mutharam (Mahadevpur),Mutharam (Mahadevpur),23-12-2020,POINT(80.0237119556815 18.520587975328),Paddy - IR,Square (5x5m),Accepted,11.86,10.674,4270,0.307162136,0.554060102,0.262100011,0.400200009,30.27662849,31.56126785,23.66047287,24.12810516,288.1411133,1102.452881,0.334527731,0.327159435,0.378699988,0.609399974
2536,80.04915396,18.53474554,59560,TELANGANA,Jaya Shankar,Mutharam (Mahadevpur),Yamanpalle,23-12-2020,POINT(80.0491539587302 18.5347455434562),Paddy - IR,Square (5x5m),Accepted,10.73,9.657,3863,0.298885614,0.640601099,0.332199991,0.577899992,30.26965332,31.55368423,23.6513195,24.11855507,292.7510986,1094.303467,0.331717491,0.322119504,0.531599998,0.794399977
2537,80.05703208,18.54662665,59559,TELANGANA,Jaya Shankar,Mutharam (Mahadevpur),Yamanpalle,23-12-2020,POINT(80.0570320785093 18.5466266467822),Paddy - IR,Square (5x5m),Accepted,11.49,10.341,4136,0.302869081,0.635072887,0.261900008,0.676599979,30.26681519,31.54880333,23.64335442,24.1117363,294.6486206,1083.85791,0.338447332,0.342057407,0.394300014,0.850000024
2538,80.00834353,18.57680355,59558,TELANGANA,Jaya Shankar,Mutharam (Mahadevpur),Madharam,23-12-2020,POINT(80.0083435276161 18.5768035549709),Paddy - IR,Square (5x5m),Accepted,11.75,10.575,4230,0.305454373,0.638133109,0.192699999,0.355199993,30.29087448,31.55165863,23.61795998,24.09830093,262.246582,1017.902466,0.25027445,0.350942314,0.320100009,0.536499977
2539,80.00680587,18.59361357,59557,TELANGANA,Jaya Shankar,Mutharam (Mahadevpur),Madharam,23-12-2020,POINT(80.0068058718013 18.593613574791),Paddy - IR,Square (5x5m),Accepted,14.84,13.356,5342,0.309900463,0.662812531,0.238800004,0.419,30.29327965,31.54580307,23.60040283,24.08473396,254.6549225,986.5100708,0.27217415,0.339069337,0.381599993,0.638499975
2540,80.00032221,18.58012125,59556,TELANGANA,Jaya Shankar,Mutharam (Mahadevpur),Korlakunta,23-12-2020,POINT(80.0003222061706 18.5801212548734),Paddy - IR,Square (5x5m),Accepted,9.885,8.8965,3559,0.304517597,0.71375829,0.1928,0.462799996,30.29207802,31.54873085,23.60918045,24.0915184,258.4507446,1002.206238,0.324705422,0.338447332,0.328799993,0.717199981
2541,79.99150278,18.59069412,59513,TELANGANA,Jaya Shankar,Mutharam (Mahadevpur),Korlakunta,23-12-2020,POINT(79.9915027835903 18.5906941205873),Paddy - IR,Square (5x5m),Accepted,11.96,10.764,4306,0.309128463,0.709100187,0.299100012,0.368800014,30.29730797,31.54766273,23.59933853,24.08443451,248.5889435,980.8900757,0.346460849,0.311265141,0.549799979,0.683799982
2554,79.89743284,18.61564329,59256,TELANGANA,Jaya Shankar,Kataram,Dhanwada,20-12-2020,POINT(79.89743284 18.61564329),Paddy - IR,Square (5x5m),Accepted,6.83,6.147,2459,0.311713219,0.672896624,0.174500003,0.222299993,30.33972359,31.55833626,23.56563187,24.06047821,172.1400757,885.1729736,0.256553531,0.340288252,0.29550001,0.374199986
2555,79.97739171,18.59218049,59217,TELANGANA,Jaya Shankar,Kataram,Chinthakani,20-12-2020,POINT(79.97739171 18.59218049),Paddy - IR,Square (5x5m),Accepted,6.505,5.8545,2342,0.314644814,0.76353097,0.172000006,0.371100008,30.30536461,31.55138016,23.59720993,24.08383751,236.4570007,969.6501465,0.314468533,0.322996914,0.29429999,0.623399973
2556,80.03773657,18.68998964,59140,TELANGANA,Jaya Shankar,Mahadevpur,Suraram,19-12-2020,POINT(80.0377365738878 18.6899896442335),Paddy - IR,Square (5x5m),Accepted,10.9,9.81,3924,0.303997725,0.673242867,0.371699989,0.181899995,30.2923584,31.51640892,23.53135109,24.03366661,269.0236816,962.6210938,0.291319638,0.347496927,0.590399981,0.206699997
2557,80.05948945,18.70937856,59139,TELANGANA,Jaya Shankar,Mahadevpur,Suraram,19-12-2020,POINT(80.0594894488051 18.7093785613341),Paddy - IR,Square (5x5m),Accepted,10.22,9.198,3679,0.310089171,0.651410341,0.155100003,0.525900006,30.28705406,31.50946045,23.52293396,24.03011894,279.0378723,988.1057129,0.343199551,0.322996914,0.290600002,0.570900023
2558,80.07000428,18.69782438,59070,TELANGANA,Jaya Shankar,Mahadevpur,Ambatpalle,18-12-2020,POINT(80.07000428 18.69782438),Paddy - IR,Square (5x5m),Accepted,10.68,9.612,3845,0.308423579,0.658365309,0.307200015,0.487300009,30.2779808,31.51007652,23.53759766,24.04254532,288.3884277,1009.326538,0.142942712,0.349498749,0.531899989,0.736800015
2559,80.07708365,18.68860446,59069,TELANGANA,Jaya Shankar,Mahadevpur,Ambatpalle,18-12-2020,POINT(80.07708365 18.68860446),Paddy - IR,Square (5x5m),Accepted,12.03,10.827,4331,0.305591077,0.639412045,0.406699985,0.503499985,30.27669144,31.51234818,23.54462242,24.04697418,289.1263733,1006.068054,0.342057407,0.340288252,0.556299984,0.664799988
2560,80.08153665,18.68270392,59068,TELANGANA,Jaya Shankar,Mahadevpur,Peddampet,18-12-2020,POINT(80.08153665 18.68270392),Paddy - IR,Square (5x5m),Accepted,10.26,9.234,3694,0.317852914,0.706039011,0.328399986,0.343499988,30.27277374,31.51133156,23.54794121,24.0503006,294.1520691,1016.92981,0.351413101,0.334527731,0.5,0.561200023
2561,80.09800784,18.67572543,59017,TELANGANA,Jaya Shankar,Mahadevpur,Peddampet,18-12-2020,POINT(80.09800784 18.67572543),Paddy - IR,Square (5x5m),Accepted,14.21,12.789,5116,0.304501742,0.704363406,0.445800006,0.346799999,30.26754379,31.51240158,23.55778313,24.05738258,300.6350708,1023.15509,0.289678425,0.336529225,0.619599998,0.517499983
2582,79.73115023,18.36745659,58901,TELANGANA,Jaya Shankar,Chityal,Jadalapet,16-12-2020,POINT(79.73115023 18.36745659),Paddy - IR,Square (5x5m),Accepted,8.325,7.4925,2997,0.327628285,0.801680863,0.1237,0.4384,30.38203621,31.7215519,23.9290657,24.44156456,351.1098022,935.1166382,0.311265141,0.311265141,0.208199993,0.647400022
2583,79.76254783,18.38313507,58900,TELANGANA,Jaya Shankar,Chityal,Vodthala,16-12-2020,POINT(79.76254783 18.38313507),Paddy - IR,Square (5x5m),Accepted,11.74,10.566,4226,0.302874744,0.909808457,0.163699999,0.447699994,30.37091255,31.69915199,23.88540649,24.38953781,348.0353088,1012.812622,0.313423336,0.309010476,0.224800006,0.48120001
2584,79.92555017,18.47198571,58899,TELANGANA,Jaya Shankar,Bhupalpalle,Kamalapur,16-12-2020,POINT(79.92555017 18.47198571),Paddy - IR,Square (5x5m),Accepted,12.24,11.016,4406,0.312125802,0.451248199,0.447400004,0.280499995,30.31225204,31.60480881,23.72126579,24.19603157,287.4478455,1165.359497,0.356279403,0.349006742,0.587499976,0.388500005
2585,79.92741918,18.4666054,58898,TELANGANA,Jaya Shankar,Bhupalpalle,Kamalapur,16-12-2020,POINT(79.92741918 18.4666054),Paddy - IR,Square (5x5m),Accepted,12.59,11.331,4532,0.311331362,0.443376154,0.29429999,0.43900001,30.31114769,31.60848618,23.73204803,24.20550537,294.2245789,1184.010254,0.306651115,0.341475397,0.464399993,0.854600012
2586,79.90612844,18.46399674,58897,TELANGANA,Jaya Shankar,Bhupalpalle,Kamalapur,16-12-2020,POINT(79.90612844 18.46399674),Paddy - IR,Square (5x5m),Accepted,11.83,10.647,4259,0.318082035,0.47827372,0.361799985,0.497999996,30.31952477,31.61464119,23.73642921,24.21365356,291.7805481,1182.372559,0.322119504,0.347496927,0.54610002,0.6153
2662,79.84129843,18.43704575,58484,TELANGANA,Jaya Shankar,Bhupalpalle,Jangedu,12-12-2020,POINT(79.84129843 18.43704575),Paddy - IR,Square (5x5m),Accepted,5.915,5.3235,2129,0.30419451,0.904573798,0.164100006,0.272300005,30.34164047,31.64639091,23.78792953,24.27459145,316.8067322,1170.016235,0.3078444,0.358320862,0.260600001,0.418199986
2663,79.80516062,18.42817901,58480,TELANGANA,Jaya Shankar,Bhupalpalle,ansanpally,12-12-2020,POINT(79.80516062 18.42817901),Paddy - IR,Square (5x5m),Accepted,5.91,5.319,2128,0.305941999,0.910262108,0.158500001,0.337300003,30.35758781,31.66462898,23.81348419,24.30843544,326.6790466,1086.502686,0.286239266,0.354572833,0.239299998,0.533399999
2664,79.78531005,18.40484494,58473,TELANGANA,Jaya Shankar,Bhupalpalle,Gorlavedu,12-12-2020,POINT(79.78531005 18.40484494),Paddy - IR,Square (5x5m),Accepted,5.82,5.238,2095,0.302185804,0.919966698,0.227799997,0.335700005,30.36420059,31.68151474,23.84844398,24.34764099,338.7655029,1054.698486,0.336529225,0.349985272,0.305200011,0.542200029
2667,79.76727493,18.41643908,58463,TELANGANA,Jaya Shankar,Bhupalpalle,Vajinepalle,12-12-2020,POINT(79.76727493 18.41643908),Paddy - IR,Square (5x5m),Accepted,6.02,5.418,2167,0.302332342,0.894423425,0.267199993,0.298900008,30.37363243,31.68361855,23.84104347,24.3449688,333.7347107,992.9075317,0.350942314,0.321225852,0.373100013,0.58039999
2669,79.83081547,18.3922177,58441,TELANGANA,Jaya Shankar,Bhupalpalle,Kompalle,11-12-2020,POINT(79.83081547 18.3922177),Paddy - IR,Square (5x5m),Accepted,5.8,5.22,2088,0.302523851,0.956444025,0.245900005,0.254999995,30.34189415,31.66783524,23.84301186,24.3296814,346.6568298,1208.044922,0.337816805,0.349985272,0.368400007,0.427100003
2670,79.92283737,18.3797066,58440,TELANGANA,Jaya Shankar,Bhupalpalle,bhavusinghpalle,11-12-2020,POINT(79.92283737 18.3797066),Paddy - IR,Square (5x5m),Accepted,6.345,5.7105,2284,0.304487765,0.615325809,0.2183,0.345099986,30.3012085,31.6415844,23.82908058,24.29077148,355.2151489,1351.867065,0.215894818,0.335204601,0.319299996,0.57130003
2671,79.92565525,18.36252541,58439,TELANGANA,Jaya Shankar,Bhupalpalle,Ramnayak thanda,11-12-2020,POINT(79.92565525 18.36252541),Paddy - IR,Square (5x5m),Accepted,6.1,5.49,2196,0.307569265,0.648677468,0.142399997,0.286300004,30.30010414,31.64526176,23.83986282,24.30024529,358.0700378,1348.295166,0.215894818,0.357107818,0.263700008,0.507799983
2672,79.90170661,18.38309722,58336,TELANGANA,Jaya Shankar,Bhupalpalle,Peddapur,09-12-2020,POINT(79.90170661 18.38309722),Paddy - IR,Square (5x5m),Accepted,6.49,5.841,2336,0.309947282,0.646196306,0.192499995,0.311399996,30.31088829,31.64556313,23.82668686,24.29482841,351.9561768,1337.487793,0.322119504,0.343759894,0.323599994,0.470800012
2673,79.85068433,18.32229604,58335,TELANGANA,Jaya Shankar,Ghanpur (Mulug),Burrakayalagudem,09-12-2020,POINT(79.85068433 18.32229604),Paddy - IR,Square (5x5m),Accepted,5.99,5.391,2156,0.317391962,0.563832045,0.212400004,0.349099994,30.32621765,31.69070435,23.92286301,24.39962578,378.7472229,1293.54834,0.264884233,0.339682877,0.33919999,0.435200006
2674,79.82785056,18.35122923,58318,TELANGANA,Jaya Shankar,Ghanpur (Mulug),Karkapalle,09-12-2020,POINT(79.82785056 18.35122923),Paddy - IR,Square (5x5m),Accepted,6.44,5.796,2318,0.30653283,0.672771513,0.148399994,0.382800013,30.3422451,31.69003105,23.90009689,24.38746071,365.4429626,1210.033691,0.209967315,0.355859101,0.214900002,0.569899976
2675,79.93256576,18.36941818,58302,TELANGANA,Jaya Shankar,Bhupalpalle,gurrampet,09-12-2020,POINT(79.93256576 18.36941818),Paddy - IR,Square (5x5m),Accepted,6.435,5.7915,2317,0.308440477,0.614392459,0.302100003,0.619400024,30.29579163,31.6412468,23.83516693,24.29280853,355.8602295,1345.779785,0.324705422,0.336529225,0.534099996,0.84009999
2676,79.87164362,18.36175255,58267,TELANGANA,Jaya Shankar,Ghanpur (Mulug),gollapalli,08-12-2020,POINT(79.87164362 18.36175255),Paddy - IR,Square (5x5m),Accepted,6.545,5.8905,2356,0.313351661,0.653752446,0.386999995,0.742900014,30.32166481,31.66533852,23.86333656,24.33743477,369.1191406,1360.87207,0.289678425,0.355434686,0.662699997,0.894599974
2679,79.88287278,18.3422616,58263,TELANGANA,Jaya Shankar,Ghanpur (Mulug),baswarajpalli,08-12-2020,POINT(79.88287278 18.3422616),Paddy - IR,Square (5x5m),Accepted,6.5,5.85,2340,0.305734515,0.634847045,0.189300001,0.384799987,30.31524277,31.66942978,23.88220787,24.35163689,373.2457275,1351.295288,0.340288252,0.341475397,0.280699998,0.547399998
2681,79.87882693,18.29177087,58259,TELANGANA,Jaya Shankar,Ghanpur (Mulug),Budharam,06-12-2020,POINT(79.87882693 18.29177087),Paddy - IR,Square (5x5m),Accepted,6.655,5.9895,2396,0.305268615,0.445570648,0.113700002,0.181600004,30.31436729,31.69436455,23.9475708,24.41552734,391.8448181,1336.229126,0.142942712,0.340885729,0.157000005,0.2007
2682,79.87379878,18.28685382,58258,TELANGANA,Jaya Shankar,Ghanpur (Mulug),Budharam,06-12-2020,POINT(79.87379878 18.28685382),Paddy - IR,Square (5x5m),Accepted,6.67,6.003,2401,0.315133005,0.459141314,0.232299998,0.338499993,30.31332588,31.69851112,23.95960426,24.42668343,395.0913391,1332.70874,0.142942712,0.330545,0.39410001,0.543799996
2683,79.82747788,18.33236274,58257,TELANGANA,Jaya Shankar,Ghanpur (Mulug),Karkapalle,05-12-2020,POINT(79.82747788 18.33236274),Paddy - IR,Square (5x5m),Accepted,6.545,5.8905,2356,0.306491852,0.650507987,0.211400002,0.359200001,30.34028435,31.69926071,23.92666817,24.41313744,370.9544373,1212.46814,0.209967315,0.322119504,0.391900003,0.478300005
2684,79.73203196,18.4292768,58253,TELANGANA,Jaya Shankar,Chityal,Chain Paka,07-12-2020,POINT(79.73203196 18.4292768),Paddy - IR,Square (5x5m),Accepted,10.79,9.711,3884,0.303096563,0.724918485,0.319299996,0.344700009,30.38725281,31.6887989,23.8358326,24.3463707,330.6844482,911.0997925,0.239450902,0.35500589,0.499599993,0.481999993
2685,79.74177307,18.41408707,58252,TELANGANA,Jaya Shankar,Chityal,Chain Paka,07-12-2020,POINT(79.74177307 18.41408707),Paddy - IR,Square (5x5m),Accepted,10.94,9.846,3938,0.302954674,0.796155155,0.094300002,0.262899995,30.38213348,31.69071198,23.847929,24.35647964,334.1749268,940.2719727,0.188299984,0.326355338,0.170000002,0.47299999
2686,79.74101596,18.40182775,58251,TELANGANA,Jaya Shankar,Chityal,Nain Paka,07-12-2020,POINT(79.74101596 18.40182775),Paddy - IR,Square (5x5m),Accepted,11.99,10.791,4316,0.30237779,0.877274156,0.071699999,0.531499982,30.38125038,31.69607735,23.8632164,24.37200928,338.2376404,944.3865967,0.309010476,0.35500589,0.114799999,0.64289999
2687,79.74024948,18.37857219,58250,TELANGANA,Jaya Shankar,Chityal,Nain Paka,07-12-2020,POINT(79.74024948 18.37857219),Paddy - IR,Square (5x5m),Accepted,12.14,10.926,4370,0.308038563,0.853072345,0.172000006,0.58099997,30.37860489,31.71217155,23.90908241,24.41859627,350.4257202,956.7304077,0.325537503,0.327159435,0.294499993,0.737800002
2688,79.73523691,18.36764852,58249,TELANGANA,Jaya Shankar,Chityal,Jadalapet,07-12-2020,POINT(79.73523691 18.36764852),Paddy - IR,Square (5x5m),Accepted,12.15,10.935,4374,0.303248376,0.851080477,0.156599998,0.503099978,30.38203621,31.7215519,23.9290657,24.44156456,351.1098022,935.1166382,0.27217415,0.357920349,0.226099998,0.685500026
2689,79.72077702,18.36473752,58248,TELANGANA,Jaya Shankar,Chityal,Jadalapet,07-12-2020,POINT(79.72077702 18.36473752),Paddy - IR,Square (5x5m),Accepted,11.94,10.746,4298,0.30544132,0.627696872,0.152199998,0.639800012,30.38634872,31.72556686,23.9337616,24.44900131,349.8234253,904.7055664,0.313423336,0.348509192,0.212699994,0.774800003
2690,79.66077198,18.33698719,58247,TELANGANA,Jaya Shankar,Chityal,Navabpet,07-12-2020,POINT(79.66077198 18.33698719),Paddy - IR,Square (5x5m),Accepted,11.83,10.647,4259,0.304784954,0.719019413,0.178499997,0.545700014,30.40987206,31.76800537,24.01380539,24.54828835,345.6607361,771.37146,0.278638929,0.339069337,0.271600008,0.745999992
2691,79.65110772,18.33630823,58246,TELANGANA,Jaya Shankar,Chityal,Navabpet,07-12-2020,POINT(79.65110772 18.33630823),Paddy - IR,Square (5x5m),Accepted,12.06,10.854,4342,0.307064682,0.692266941,0.165600002,0.343100011,30.41422081,31.77230072,24.01925278,24.55673599,344.0798645,743.8029175,0.179293305,0.343199551,0.215399995,0.535399973
2696,79.85219402,18.31968695,58125,TELANGANA,Jaya Shankar,Ghanpur (Mulug),Burrakayalagudem,05-12-2020,POINT(79.85219402 18.31968695),Paddy - IR,Square (5x5m),Accepted,6.62,5.958,2383,0.311681598,0.557078063,0.292400002,0.463,30.32520103,31.69503975,23.9353981,24.41145515,381.7974243,1291.922974,0.298846096,0.340288252,0.425799996,0.58069998
2738,79.65345813,18.27601439,58061,TELANGANA,Jaya Shankar,Mogullapalle,Issipet,03-12-2020,POINT(79.65345813 18.27601439),Paddy - IR,Square (5x5m),Accepted,11.69,10.521,4208,0.303169876,0.790817142,0.272500008,0.323100001,30.40959549,31.80955505,24.12450409,24.66807556,350.6021423,847.7529297,0.332436115,0.339069337,0.436699986,0.452399999
2739,79.66791044,18.27169694,58060,TELANGANA,Jaya Shankar,Mogullapalle,Rangapuram,03-12-2020,POINT(79.66791044 18.27169694),Paddy - IR,Square (5x5m),Accepted,12.06,10.854,4342,0.315519512,0.828242421,0.148100004,0.229200006,30.40517235,31.80469513,24.11755562,24.65760994,352.7719421,869.6363525,0.324705422,0.342057407,0.297699988,0.334300011
2740,79.69176027,18.27642342,58059,TELANGANA,Jaya Shankar,Mogullapalle,Rangapuram,03-12-2020,POINT(79.69176027 18.27642342),Paddy - IR,Square (5x5m),Accepted,12.25,11.025,4410,0.301882148,0.859282851,0.243599996,0.222800002,30.39190292,31.79011917,24.09671021,24.62621307,359.2813721,935.2866821,0.295962065,0.337177515,0.433699995,0.249400005
2741,79.64729005,18.29525046,58058,TELANGANA,Jaya Shankar,Mogullapalle,Issipet,03-12-2020,POINT(79.64729005 18.29525046),Paddy - IR,Square (5x5m),Accepted,12.38,11.142,4457,0.313330233,0.737728298,0.355699986,0.470499992,30.41553688,31.8018074,24.09586906,24.6407547,346.4545593,789.3244629,0.326355338,0.312355846,0.551699996,0.637099981
2742,79.61057003,18.35446674,58057,TELANGANA,Jaya Shankar,Mogullapalle,ippalapalli,03-12-2020,POINT(79.61057003 18.35446674),Paddy - IR,Square (5x5m),Accepted,12.49,11.241,4496,0.300205201,0.509890139,0.241799995,0.4833,30.43305969,31.7763195,24.00395012,24.55071831,336.3676147,591.2985229,0.33314383,0.338447332,0.337700009,0.710099995
2743,79.60726869,18.36306941,58056,TELANGANA,Jaya Shankar,Mogullapalle,ippalapalli,03-12-2020,POINT(79.60726869 18.36306941),Paddy - IR,Square (5x5m),Accepted,10.74,9.666,3866,0.297244281,0.576713383,0.162699997,0.496100008,30.43809319,31.77375031,23.99010086,24.53825378,334.3868408,539.7723389,0.343199551,0.287985981,0.196799994,0.676800013
2744,79.59706839,18.35660353,58055,TELANGANA,Jaya Shankar,Mogullapalle,Akinepalle,03-12-2020,POINT(79.59706839 18.35660353),Paddy - IR,Square (5x5m),Accepted,10.74,9.666,3866,0.304809153,0.544239938,0.246600002,0.425700009,30.44170952,31.78453827,24.01383972,24.56626701,333.5985413,532.3713989,0.142942712,0.325984,0.42840001,0.737900019
2745,79.58530487,18.34981953,58054,TELANGANA,Jaya Shankar,Mogullapalle,Akinepalle,03-12-2020,POINT(79.58530487 18.34981953),Paddy - IR,Square (5x5m),Accepted,11.5,10.35,4140,0.297880381,0.396267116,0.263099998,0.608500004,30.44534874,31.79551125,24.03808022,24.59495354,332.6139526,526.8654175,0.29742375,0.343199551,0.465999991,0.808700025
2746,79.59903306,18.34188076,58053,TELANGANA,Jaya Shankar,Mogullapalle,Peddakomatipalle,03-12-2020,POINT(79.59903306 18.34188076),Paddy - IR,Square (5x5m),Accepted,11.54,10.386,4154,0.300494403,0.585546792,0.29370001,0.5625,30.44101334,31.79130936,24.0328846,24.58684158,334.0966492,555.3815308,0.345400035,0.342632145,0.561600029,0.753000021
2759,79.74922969,18.36901686,58010,TELANGANA,Jaya Shankar,Chityal,Jadalapet,02-12-2020,POINT(79.74922969 18.36901686),Paddy - IR,Square (5x5m),Accepted,11.6,10.44,4176,0.306977957,0.876281917,0.1787,0.676599979,30.37772369,31.71753693,23.92437172,24.4341259,352.3961792,965.527771,0.215894818,0.334527731,0.304100007,0.849699974
2760,79.75722757,18.36388028,58009,TELANGANA,Jaya Shankar,Chityal,Jadalapet,02-12-2020,POINT(79.75722757 18.36388028),Paddy - IR,Square (5x5m),Accepted,9.815,8.8335,3533,0.306914419,0.857985854,0.176699996,0.395999998,30.37341118,31.71352196,23.91967583,24.42668724,353.6825562,995.9388428,0.343759894,0.340885729,0.243699998,0.581700027
2761,79.80303628,18.39116253,58008,TELANGANA,Jaya Shankar,Bhupalpalle,Gudadupalle,02-12-2020,POINT(79.80303628 18.39116253),Paddy - IR,Square (5x5m),Accepted,12,10.8,4320,0.306965232,0.93381083,0.156000003,0.674199998,30.35471916,31.67903709,23.85484314,24.3489666,345.2046509,1121.530396,0.267417639,0.322119504,0.242500007,0.887600005
2762,79.7975843,18.38442205,58007,TELANGANA,Jaya Shankar,Bhupalpalle,Gudadupalle,02-12-2020,POINT(79.7975843 18.38442205),Paddy - IR,Square (5x5m),Accepted,11.46,10.314,4126,0.308550984,0.783030689,0.057399999,0.497299999,30.35804939,31.68766785,23.87282372,24.36924362,350.5437012,1103.107788,0.179293305,0.326355338,0.059700001,0.715300024
2803,79.83198117,18.32087399,57966,TELANGANA,Jaya Shankar,Ghanpur (Mulug),Mylaram,02-12-2020,POINT(79.83198117 18.32087399),Paddy - IR,Square (5x5m),Accepted,12,10.8,4320,0.306384027,0.620435417,0.223399997,0.255299985,30.33494186,31.69948578,23.93425751,24.41719246,375.3891907,1240.306274,0.330987722,0.301580101,0.376899987,0.386299998
2818,79.89542938,18.32319642,57950,TELANGANA,Jaya Shankar,Ghanpur (Mulug),Thupuram,02-12-2020,POINT(79.89542938 18.32319642),Paddy - IR,Square (5x5m),Accepted,12.14,10.926,4370,0.305088848,0.51662612,0.0986,0.358099997,30.30877304,31.67314339,23.90007782,24.36449242,377.059021,1341.677246,0.340885729,0.335871667,0.119800001,0.512799978
2819,79.90159549,18.3176352,57948,TELANGANA,Jaya Shankar,Ghanpur (Mulug),Thupuram,02-12-2020,POINT(79.90159549 18.3176352),Paddy - IR,Square (5x5m),Accepted,12.29,11.061,4424,0.314520627,0.55427593,0.134599999,0.381599993,30.30333138,31.67261887,23.90566254,24.36585617,377.5474548,1335.569214,0.278638929,0.324705422,0.231099993,0.64349997
2860,79.88006358,18.33606981,57894,TELANGANA,Jaya Shankar,Ghanpur (Mulug),Ghanpur,01-12-2020,POINT(79.88006358 18.33606981),Paddy - IR,Square (5x5m),Accepted,12.34,11.106,4442,0.308402896,0.629754305,0.119599998,0.404399991,30.314188,31.67348099,23.89399147,24.36245537,376.4139404,1347.764526,0.30023095,0.358320862,0.160500005,0.599399984
2863,79.86233474,18.31223515,57891,TELANGANA,Jaya Shankar,Ghanpur (Mulug),Ghanpur,01-12-2020,POINT(79.86233474 18.31223515),Paddy - IR,Square (5x5m),Accepted,12.46,11.214,4486,0.315048426,0.497724205,0.055,0.179800004,30.32082748,31.69055557,23.92945099,24.40233421,383.574585,1317.596436,0.280638784,0.340885729,0.0539,0.334899992
2890,79.60005994,18.33548863,57839,TELANGANA,Jaya Shankar,Mogullapalle,Peddakomatipalle,01-12-2020,POINT(79.60005994 18.33548863),Paddy - IR,Square (5x5m),Accepted,11.74,10.566,4226,0.300232977,0.729495823,0.384499997,0.255699992,30.43596649,31.79378319,24.04648209,24.59897041,336.1755981,605.9602051,0.344313323,0.327159435,0.620000005,0.422500014
2892,79.58221172,18.33465675,57837,TELANGANA,Jaya Shankar,Mogullapalle,Parlapalle,01-12-2020,POINT(79.58221172 18.33465675),Paddy - IR,Square (5x5m),Accepted,12.24,11.016,4406,0.30072096,0.488327563,0.279799998,0.759000003,30.44466591,31.80237579,24.05737495,24.6158638,333.0138855,550.8231201,0.355434686,0.326355338,0.488700002,0.729900002
2913,79.75381552,18.42725162,57800,TELANGANA,Jaya Shankar,Bhupalpalle,Neredpalle,30-11-2020,POINT(79.75381552 18.42725162),Paddy - IR,Square (5x5m),Accepted,12.5,11.25,4500,0.317681849,0.656713784,0.0526,0.268099993,30.37877655,31.6818943,23.82944679,24.33553123,329.5400391,961.2149048,0.302895218,0.340288252,0.092600003,0.64139998
2914,79.74588423,18.44601126,57799,TELANGANA,Jaya Shankar,Bhupalpalle,Neredpalle,30-11-2020,POINT(79.74588423 18.44601126),Paddy - IR,Square (5x5m),Accepted,12.59,11.331,4532,0.310537606,0.633749425,0.286300004,0.219500005,30.38477898,31.67461586,23.80206299,24.30989265,321.9868469,927.9281006,0.302895218,0.340288252,0.423000008,0.3741
2915,79.89213328,18.61813074,57798,TELANGANA,Jaya Shankar,Kataram,Dhanwada,30-11-2020,POINT(79.89213328 18.61813074),Paddy - IR,Square (5x5m),Accepted,7.92,7.128,2851,0.308921963,0.676505566,0.322400004,0.498899996,30.33972359,31.55833626,23.56563187,24.06047821,172.1400757,885.1729736,0.311265141,0.357515991,0.530399978,0.84009999
2916,79.9049215,18.61626657,57797,TELANGANA,Jaya Shankar,Kataram,Dhanwada,30-11-2020,POINT(79.9049215 18.61626657),Paddy - IR,Square (5x5m),Accepted,8.29,7.461,2984,0.311205834,0.650269747,0.1611,0.282999992,30.33572006,31.55666351,23.5671978,24.06144905,178.9512634,891.5315552,0.284434885,0.329493403,0.245800003,0.539399981
2917,79.92970721,18.62439205,57795,TELANGANA,Jaya Shankar,Kataram,Garepalle,30-11-2020,POINT(79.92970721 18.62439205),Paddy - IR,Square (5x5m),Accepted,8.23,7.407,2963,0.31830126,0.684926212,0.139500007,0.480599999,30.32881737,31.54964256,23.55954552,24.05391884,185.796936,885.5980225,0.3078444,0.335871667,0.174799994,0.616699994
2918,79.9589312,18.66280228,57794,TELANGANA,Jaya Shankar,Kataram,Nasthur Palle,30-11-2020,POINT(79.9589312 18.66280228),Paddy - IR,Square (5x5m),Accepted,8.385,7.5465,3019,0.309775621,0.612617016,0.447899997,0.407299995,30.32140923,31.53132439,23.52486992,24.02398491,221.6616211,885.7453613,0.316495419,0.343199551,0.652100027,0.574000001
2919,79.96491464,18.60539897,57792,TELANGANA,Jaya Shankar,Kataram,Chinthakani,30-11-2020,POINT(79.96491464 18.60539897),Paddy - IR,Square (5x5m),Accepted,7.715,6.9435,2777,0.314639181,0.716236055,0.150700003,0.211700007,30.31054688,31.5499382,23.58636665,24.07540894,225.1047363,946.8566895,0.215894818,0.337816805,0.209600002,0.267699987
2921,79.93383063,18.58480368,57789,TELANGANA,Jaya Shankar,Kataram,Sunderajpet,30-11-2020,POINT(79.93383063 18.58480368),Paddy - IR,Square (5x5m),Accepted,8.275,7.4475,2979,0.322649598,0.650719941,0.221599996,0.363000005,30.32036018,31.56240082,23.60348511,24.0917778,218.5972137,965.4517212,0.295962065,0.344859958,0.35620001,0.546400011
2931,79.73072333,18.33651667,57669,TELANGANA,Jaya Shankar,Chityal,Muchiniparthi,28-11-2020,POINT(79.7307233333333 18.3365166666667),Paddy - IR,Square (5x5m),Accepted,10.81,9.729,3892,0.310585052,0.816647112,0.196899995,0.546500027,30.37942696,31.73792839,23.97568321,24.48916054,356.7267151,964.3512573,0.355859101,0.343199551,0.351099998,0.78609997
2935,79.81445667,18.27516167,57619,TELANGANA,Jaya Shankar,Regonda,Ramannaguda,28-11-2020,POINT(79.8144566666667 18.2751616666667),Paddy - IR,Square (5x5m),Accepted,9.03,8.127,3251,0.309419245,0.617767572,0.111400001,0.343600005,30.33882332,31.73181152,24.01332855,24.50063133,385.3190308,1197.887817,0.298846096,0.316495419,0.157199994,0.520299971
2936,79.80138,18.25724667,57618,TELANGANA,Jaya Shankar,Regonda,Ramannaguda,28-11-2020,POINT(79.80138 18.2572466666667),Paddy - IR,Square (5x5m),Accepted,9.315,8.3835,3353,0.306413472,0.672979534,0.138099998,0.590799987,30.34133339,31.74627495,24.04784966,24.53811836,388.2680664,1182.22876,0.284434885,0.329493403,0.163299993,0.726100028
2937,79.78690833,18.24761333,57617,TELANGANA,Jaya Shankar,Regonda,Tirumalagiri,28-11-2020,POINT(79.7869083333333 18.2476133333333),Paddy - IR,Square (5x5m),Accepted,8.985,8.0865,3235,0.306065261,0.688485682,0.306400001,0.568499982,30.34929848,31.76135826,24.0770359,24.57457733,385.8989258,1147.259277,0.298846096,0.353693396,0.509199977,0.788100004
2938,79.80394833,18.19471667,57604,TELANGANA,Jaya Shankar,Regonda,Sultanpur,27-11-2020,POINT(79.8039483333333 18.1947166666667),Paddy - IR,Square (5x5m),Accepted,8.405,7.5645,3026,0.306538254,0.670524657,0.29460001,0.657800019,30.33559799,31.77509117,24.13056564,24.61918259,403.6245728,1200.9021,0.334527731,0.341475397,0.424100012,0.650099993
2939,79.80389667,18.20822,57602,TELANGANA,Jaya Shankar,Regonda,Sultanpur,27-11-2020,POINT(79.8038966666667 18.20822),Paddy - IR,Square (5x5m),Accepted,8.98,8.082,3233,0.311962336,0.673955739,0.185100004,0.663600028,30.33655357,31.77028847,24.11678123,24.60567093,401.065155,1197.789917,0.231031314,0.344859958,0.324900001,0.82190001
2940,79.78444667,18.22483667,57601,TELANGANA,Jaya Shankar,Regonda,Jaggaiahpet,27-11-2020,POINT(79.7844466666667 18.2248366666667),Paddy - IR,Square (5x5m),Accepted,9.545,8.5905,3436,0.3042548,0.656894147,0.317900002,0.396299988,30.3474369,31.77133751,24.10560989,24.60294342,390.6251221,1157.273804,0.239450902,0.356695622,0.551699996,0.604099989
2941,79.77577667,18.23435833,57598,TELANGANA,Jaya Shankar,Regonda,Jaggaiahpet,27-11-2020,POINT(79.7757766666667 18.2343583333333),Paddy - IR,Square (5x5m),Accepted,9.985,8.9865,3595,0.308739752,0.676942647,0.332599998,0.391799986,30.35284042,31.77158165,24.09927177,24.60057068,385.699585,1134.173218,0.327950239,0.347496927,0.542999983,0.569400012
2942,79.76766667,18.239265,57596,TELANGANA,Jaya Shankar,Regonda,pedhampally,27-11-2020,POINT(79.7676666666667 18.239265),Paddy - IR,Square (5x5m),Accepted,9.46,8.514,3406,0.313871473,0.70934993,0.086900003,0.159700006,30.35731316,31.77681541,24.1072216,24.61238289,383.137146,1116.079834,0.188299984,0.316495419,0.183799997,0.184499994
2943,79.95296934,18.58809088,57595,TELANGANA,Jaya Shankar,Kataram,Bayyaram,27-11-2020,POINT(79.95296934 18.58809088),Paddy - IR,Square (5x5m),Accepted,8.45,7.605,3042,0.309585571,0.768135071,0.186399996,0.495700002,30.31227875,31.55849457,23.60511208,24.09170341,229.9839325,975.9530029,0.246873364,0.330987722,0.299899995,0.847299993
2944,79.77685667,18.25442,57593,TELANGANA,Jaya Shankar,Regonda,gadipally,27-11-2020,POINT(79.7768566666667 18.25442),Paddy - IR,Square (5x5m),Accepted,10.08,9.072,3629,0.302015275,0.71614331,0.338200003,0.560100019,30.3546772,31.76141357,24.07019806,24.5715313,381.1697083,1122.263672,0.306651115,0.345400035,0.465299994,0.766700029
2945,79.772285,18.247425,57591,TELANGANA,Jaya Shankar,Regonda,gadipally,27-11-2020,POINT(79.772285 18.247425),Paddy - IR,Square (5x5m),Accepted,8.48,7.632,3053,0.308158278,0.719007373,0.345400006,0.323000014,30.35375977,31.76649857,24.08473396,24.58605194,383.4346313,1128.218384,-0.052999999,0.267417639,0.569299996,0.497700006
2946,79.75543,18.26186167,57578,TELANGANA,Jaya Shankar,Regonda,Lingala,27-11-2020,POINT(79.75543 18.2618616666667),Paddy - IR,Square (5x5m),Accepted,10.5,9.45,3780,0.306671888,0.789735675,0.35800001,0.35589999,30.36446762,31.76623535,24.07005882,24.57861519,374.3688354,1074.437012,0.354135394,0.330987722,0.558700025,0.533200026
2948,79.92424011,18.33027427,57568,TELANGANA,Jaya Shankar,Ghanpur (Mulug),Kondapur,26-11-2020,POINT(79.92424011 18.33027427),Paddy - IR,Square (5x5m),Accepted,12.38,11.142,4457,0.309557348,0.547329366,0.196999997,0.368499994,30.29679108,31.65629578,23.87220573,24.32866859,366.6347656,1337.579346,0.347496927,0.33314383,0.260399997,0.531199992
2949,79.75463167,18.238475,57563,TELANGANA,Jaya Shankar,dhamanapata,dhamanapata,26-11-2020,POINT(79.7546316666667 18.238475),Paddy - IR,Square (5x5m),Accepted,13.34,12.006,4802,0.311604649,0.734387696,0.274100006,0.383599997,30.36178589,31.78204918,24.11517143,24.62419319,380.574707,1097.98645,0.30023095,0.314468533,0.433600008,0.562300026
2950,79.76219833,18.24529167,57554,TELANGANA,Jaya Shankar,Regonda,regonda,26-11-2020,POINT(79.7621983333333 18.2452916666667),Paddy - IR,Square (5x5m),Accepted,9.78,8.802,3521,0.337428033,0.731333554,0.241999999,0.350400001,30.35821915,31.77163887,24.09243393,24.59752655,380.9703674,1109.17749,0.339682877,0.331717491,0.413599998,0.504000008
2951,79.75585667,18.25905167,57548,TELANGANA,Jaya Shankar,Regonda,regonda,26-11-2020,POINT(79.7558566666667 18.2590516666667),Paddy - IR,Square (5x5m),Accepted,11.23,10.107,4043,0.304638326,0.793797255,0.344500005,0.354999989,30.36357498,31.77150726,24.08509636,24.59380722,376.437439,1082.286865,0.319388062,0.335871667,0.555700004,0.531899989
2952,79.90588795,18.34032663,57531,TELANGANA,Jaya Shankar,Ghanpur (Mulug),Dharmaraopet,26-11-2020,POINT(79.90588795 18.34032663),Paddy - IR,Square (5x5m),Accepted,12.25,11.025,4410,0.31061089,0.665196359,0.169300005,0.492300004,30.30657005,31.66102409,23.87181664,24.33541489,368.5127869,1346.223267,0.276565075,0.338447332,0.209199995,0.79339999
2957,79.67104667,18.32597667,57520,TELANGANA,Jaya Shankar,Chityal,Chityal,25-11-2020,POINT(79.6710466666667 18.3259766666667),Paddy - IR,Square (5x5m),Accepted,12.28,11.052,4421,0.310641617,0.765255332,0.273400009,0.284799993,30.40472603,31.76972961,24.02540207,24.55772591,348.5249634,814.3699341,0.327159435,0.334527731,0.503400028,0.425799996
2958,79.90212542,18.32754941,57489,TELANGANA,Jaya Shankar,Ghanpur (Mulug),Dharmaraopet,25-11-2020,POINT(79.90212542 18.32754941),Paddy - IR,Square (5x5m),Accepted,12.14,10.926,4370,0.308579385,0.631282091,0.224199995,0.519699991,30.30441093,31.66875458,23.89438057,24.35570908,374.5359192,1339.120605,0.352339745,0.298846096,0.317499995,0.450500011
2959,79.86291086,18.62962404,57488,TELANGANA,Jaya Shankar,Kataram,Devarampalle,25-11-2020,POINT(79.86291086 18.62962404),Paddy - IR,Square (5x5m),Accepted,8.44,7.596,3038,0.305556297,0.630657554,0.239600003,0.544499993,30.35276222,31.55911064,23.54865265,24.0460701,157.4917603,852.1050415,0.325537503,0.356695622,0.368699998,0.76880002
2960,79.93616431,18.59917182,57480,TELANGANA,Jaya Shankar,Kataram,Sunderajpet,25-11-2020,POINT(79.93616431 18.59917182),Paddy - IR,Square (5x5m),Accepted,8.47,7.623,3049,0.320564479,0.660848081,0.232099995,0.362100005,30.32147598,31.55881691,23.59295464,24.08263969,212.1931,947.1702881,0.282569379,0.315492332,0.375699997,0.564199984
2961,79.92458707,18.58188815,57474,TELANGANA,Jaya Shankar,Kataram,Sunderajpet,25-11-2020,POINT(79.92458707 18.58188815),Paddy - IR,Square (5x5m),Accepted,8.45,7.605,3042,0.341386229,0.618281186,0.1963,0.4005,30.32439995,31.56435394,23.60267067,24.09181595,212.9038544,960.2010498,0.278638929,0.329493403,0.273000002,0.538600028
2964,79.910411,18.56755428,57459,TELANGANA,Jaya Shankar,Malharrao,Rudraram,25-11-2020,POINT(79.910411 18.56755428),Paddy - IR,Square (5x5m),Accepted,8.295,7.4655,2986,0.314400673,0.555710733,0.167400002,0.468300015,30.3262558,31.57384872,23.62392044,24.11147308,221.5091705,992.9906006,0.125696898,0.356279403,0.278200001,0.786800027
2966,79.5905069,18.2866416,57452,TELANGANA,Jaya Shankar,Mogullapalle,Gundlakarthi,25-11-2020,POINT(79.5905069 18.2866416),Paddy - IR,Square (5x5m),Accepted,10.91,9.819,3928,0.297450304,0.800950706,0.1954,0.534699976,30.43683243,31.83193779,24.14715195,24.71029091,337.0852356,693.4422607,0.346460849,0.353246838,0.398200005,0.667800009
2967,79.85244109,18.63543657,57412,TELANGANA,Jaya Shankar,Kataram,Vilasagar,24-11-2020,POINT(79.85244109 18.63543657),Paddy - IR,Square (5x5m),Accepted,12.66,11.394,4558,0.309284151,0.613807678,0.229000002,0.560000002,30.35777092,31.55635452,23.53430367,24.03293228,171.1087799,841.8338013,0.253495604,0.332436115,0.34709999,0.791700006
2968,79.72120933,18.27593921,57386,TELANGANA,Jaya Shankar,Regonda,Repaka,23-11-2020,POINT(79.72120933 18.27593921),Paddy - IR,Square (5x5m),Accepted,12.24,11.016,4406,0.303792685,0.813616276,0.306300014,0.628300011,30.3786335,31.77554131,24.07586479,24.59481812,365.7907715,1000.936951,0.342057407,0.316495419,0.468400002,0.781799972
2969,79.71755272,18.2788061,57385,TELANGANA,Jaya Shankar,Regonda,Repaka,23-11-2020,POINT(79.71755272 18.2788061),Paddy - IR,Square (5x5m),Accepted,12.29,11.061,4424,0.308294713,0.824436486,0.136399999,0.276199996,30.38305664,31.78040123,24.08281326,24.60528374,363.6209717,979.0535278,0.196295634,0.340885729,0.277099997,0.430799991
2970,79.80668525,18.55492792,57375,TELANGANA,Jaya Shankar,Malharrao,Dubbagattu,23-11-2020,POINT(79.80668525 18.55492792),Paddy - IR,Square (5x5m),Accepted,12.73,11.457,4583,0.29906413,0.563390613,0.172199994,0.394300014,30.3700161,31.60219574,23.63426399,24.13279533,246.401474,934.7162476,0.235380739,0.351878941,0.3134,0.643700004
2971,79.79548762,18.53761013,57365,TELANGANA,Jaya Shankar,Malharrao,Pedda Thoondla,23-11-2020,POINT(79.79548762 18.53761013),Paddy - IR,Square (5x5m),Accepted,13.76,12.384,4954,0.307609081,0.541503012,0.333200008,0.4005,30.37220573,31.61422157,23.66227531,24.16153526,263.196991,946.8727417,0.339069337,0.315492332,0.520600021,0.591899991
2973,79.8040506,18.55263082,57361,TELANGANA,Jaya Shankar,Malharrao,Dubbagattu,23-11-2020,POINT(79.8040506 18.55263082),Paddy - IR,Square (5x5m),Accepted,12.79,11.511,4604,0.301622927,0.548330963,0.167199999,0.4005,30.3700161,31.60219574,23.63426399,24.13279533,246.401474,934.7162476,0.333840907,0.357515991,0.284200013,0.625400007
2974,79.84210715,18.61177403,57356,TELANGANA,Jaya Shankar,Malharrao,Vallamkunta,23-11-2020,POINT(79.84210715 18.61177403),Paddy - IR,Square (5x5m),Accepted,12.01,10.809,4324,0.311484754,0.588051438,0.266900003,0.549600005,30.3597393,31.56669235,23.55780792,24.05561829,180.3030701,869.1151123,0.314468533,0.330987722,0.397199988,0.773899972
2975,79.57650085,18.30083819,57354,TELANGANA,Jaya Shankar,Mogullapalle,Motlapalle,23-11-2020,POINT(79.57650085 18.30083819),Paddy - IR,Square (5x5m),Accepted,10.29,9.261,3704,0.294024348,0.817019701,0.388399988,0.638400018,30.4469986,31.82754898,24.12145615,24.68805313,332.3383789,597.9700317,0.327950239,0.356279403,0.660600007,0.818700016
2976,79.83189815,18.61722185,57343,TELANGANA,Jaya Shankar,Malharrao,Vallamkunta,23-11-2020,POINT(79.83189815 18.61722185),Paddy - IR,Square (5x5m),Accepted,12.83,11.547,4619,0.307457536,0.602859497,0.317200005,0.594200015,30.36374283,31.5683651,23.55624199,24.05464554,187.5648804,868.0015869,0.203470603,0.341475397,0.458400011,0.796299994
2982,79.88487647,18.5829282,57265,TELANGANA,Jaya Shankar,Malharrao,Rudraram,22-11-2020,POINT(79.88487647 18.5829282),Paddy - IR,Square (5x5m),Accepted,12.05,10.845,4338,0.30725044,0.605471849,0.29519999,0.394499987,30.34056091,31.57216454,23.59941673,24.09196472,190.1304016,939.1984863,0.226365477,0.327159435,0.48300001,0.517400026
2983,79.62929619,18.31688592,57201,TELANGANA,Jaya Shankar,Mogullapalle,Mulkalapalle,21-11-2020,POINT(79.62929619 18.31688592),Paddy - IR,Square (5x5m),Accepted,12.25,11.025,4410,0.310214907,0.579713166,0.246600002,0.532999992,30.42580032,31.79817009,24.07217789,24.62120819,340.9224548,701.432373,0.32872811,0.349498749,0.451400012,0.750100017
2984,79.6271205,18.32133907,57200,TELANGANA,Jaya Shankar,Mogullapalle,Mulkalapalle,21-11-2020,POINT(79.6271205 18.32133907),Paddy - IR,Square (5x5m),Accepted,11.4,10.26,4104,0.3039729,0.619864643,0.311300009,0.549000025,30.42653465,31.79168129,24.05388451,24.60164261,340.1298828,681.2648315,0.282569379,0.338447332,0.577899992,0.77759999
2985,79.57996901,18.32197491,57199,TELANGANA,Jaya Shankar,Mogullapalle,Parlapalle,21-11-2020,POINT(79.57996901 18.32197491),Paddy - IR,Square (5x5m),Accepted,10.91,9.819,3928,0.300020427,0.523462057,0.440699995,0.415499985,30.44834328,31.81363106,24.08236694,24.64555931,331.7348022,548.159729,0.322119504,0.338447332,0.664699972,0.563399971
2989,79.82932389,18.62631066,57132,TELANGANA,Jaya Shankar,Malharrao,Vallamkunta,21-11-2020,POINT(79.82932389 18.62631066),Paddy - IR,Square (5x5m),Accepted,12.04,10.836,4334,0.305731535,0.60191524,0.282700002,0.701499999,30.36872673,31.56542206,23.54139137,24.04083633,187.9473114,852.6917114,0.246873364,0.333840907,0.436800003,0.866299987
2990,79.63390269,18.44403565,57063,TELANGANA,Jaya Shankar,Tekumatia,Garimillapalle,20-11-2020,POINT(79.63390269 18.44403565),Paddy - IR,Square (5x5m),Accepted,9.68,8.712,3485,0.302468747,0.617029607,0.3759,0.415899992,30.43112564,31.71053314,23.83167267,24.36210632,336.026886,680.0195923,0.316495419,0.317478597,0.608699977,0.569000006
2991,79.63307258,18.42724527,57062,TELANGANA,Jaya Shankar,Tekumatia,Garimillapalle,20-11-2020,POINT(79.63307258 18.42724527),Paddy - IR,Square (5x5m),Accepted,10.28,9.252,3701,0.29808569,0.733475864,0.396100014,0.434100002,30.42963409,31.72332764,23.8677578,24.4005661,336.4064331,660.5241699,0.341475397,0.339069337,0.633300006,0.671500027
2992,79.62504982,18.41563059,57061,TELANGANA,Jaya Shankar,Tekumatia,Ramakistapur (V),20-11-2020,POINT(79.62504982 18.41563059),Paddy - IR,Square (5x5m),Accepted,10.72,9.648,3859,0.299768478,0.663689494,0.395200014,0.464100003,30.43313789,31.73326874,23.88924408,24.42555046,336.8163147,624.4586792,0.352339745,0.317478597,0.585699975,0.614799976
2993,79.63120734,18.41938801,57060,TELANGANA,Jaya Shankar,Tekumatia,Velchal,20-11-2020,POINT(79.63120734 18.41938801),Paddy - IR,Square (5x5m),Accepted,10.23,9.207,3683,0.300717384,0.706219137,0.440499991,0.549099982,30.42888832,31.72972298,23.88580132,24.41979408,336.5961914,650.7764282,0.335204601,0.301580101,0.676500022,0.751999974
2994,79.62995793,18.40904136,57059,TELANGANA,Jaya Shankar,Tekumatia,Velchal,20-11-2020,POINT(79.62995793 18.40904136),Paddy - IR,Square (5x5m),Accepted,9.215,8.2935,3317,0.295561343,0.581158459,0.175699994,0.486299992,30.43240356,31.73975945,23.90753746,24.44511604,336.6539917,613.4507446,0.298846096,0.337816805,0.309300005,0.731400013
2995,79.79425226,18.5452302,57050,TELANGANA,Jaya Shankar,Malharrao,Rudraram,20-11-2020,POINT(79.79425226 18.5452302),Paddy - IR,Square (5x5m),Accepted,12.16,10.944,4378,0.304153323,0.491748244,0.255199999,0.320100009,30.37314987,31.60932541,23.64823914,24.14768791,257.3738708,936.4570923,0.337816805,0.318442583,0.416200012,0.512899995
2999,79.79375946,18.54807389,57042,TELANGANA,Jaya Shankar,Malharrao,Dubbapeta,20-11-2020,POINT(79.79375946 18.54807389),Paddy - IR,Square (5x5m),Accepted,12.06,10.854,4342,0.304052055,0.502759576,0.31189999,0.506099999,30.37314987,31.60932541,23.64823914,24.14768791,257.3738708,936.4570923,0.274412036,0.353693396,0.461100012,0.699999988
3000,79.85761339,18.62369629,57036,TELANGANA,Jaya Shankar,Malharrao,Kondampet,20-11-2020,POINT(79.85761339 18.62369629),Paddy - IR,Square (5x5m),Accepted,12.03,10.827,4331,0.31186825,0.60132581,0.296400011,0.560400009,30.3567543,31.56068802,23.54683876,24.04476166,165.1056519,852.251709,0.278638929,0.345400035,0.456699997,0.788699985
3001,79.85437477,18.6192589,57030,TELANGANA,Jaya Shankar,Malharrao,Kondampet,20-11-2020,POINT(79.85437477 18.6192589),Paddy - IR,Square (5x5m),Accepted,12.13,10.917,4367,0.308094233,0.587235272,0.265799999,0.319200009,30.35573578,31.56502151,23.55937195,24.05658913,173.041275,870.2286377,0.264884233,0.342057407,0.449400008,0.532999992
3004,79.59555001,18.37592015,57004,TELANGANA,Jaya Shankar,Tekumatia,Dubyala,19-11-2020,POINT(79.59555001 18.37592015),Paddy - IR,Square (5x5m),Accepted,13.15,11.835,4734,0.294840753,0.662976921,0.175899997,0.412800014,30.44310188,31.77099419,23.97575188,24.52511787,332.602356,486.3511353,0.276565075,0.355434686,0.3653,0.652400017
3005,79.58954148,18.38728646,57003,TELANGANA,Jaya Shankar,Tekumatia,Dubyala,19-11-2020,POINT(79.58954148 18.38728646),Paddy - IR,Square (5x5m),Accepted,13,11.7,4680,0.302180886,0.121713303,0.327199996,0.574199975,30.44808578,31.76805115,23.96090126,24.51130676,332.9847717,471.0412598,0.284434885,0.357107818,0.545599997,0.759299994
3006,79.688415,18.35459667,56970,TELANGANA,Jaya Shankar,Chityal,Kailapur,19-11-2020,POINT(79.688415 18.3545966666667),Paddy - IR,Square (5x5m),Accepted,11.31,10.179,4072,0.301903933,0.716772616,0.314300001,0.312000006,30.40278816,31.74755669,23.96933174,24.49629974,346.0594177,797.5435791,0.239450902,0.339682877,0.515600026,0.475699991
3007,79.59354161,18.40189738,56863,TELANGANA,Jaya Shankar,Tekumatia,Vellampalle,18-11-2020,POINT(79.59354161 18.40189738),Paddy - IR,Square (5x5m),Accepted,11.12,10.008,4003,0.301066935,0.552275479,0.154400006,0.560400009,30.44519234,31.75068092,23.91861725,24.46339226,336.2580566,530.7167969,0.326355338,0.353693396,0.223800004,0.788900018
3008,79.59077157,18.40020231,56862,TELANGANA,Jaya Shankar,Tekumatia,Vellampalle,18-11-2020,POINT(79.59077157 18.40020231),Paddy - IR,Square (5x5m),Accepted,12.05,10.845,4338,0.301041931,0.423766255,0.176799998,0.560400009,30.44519234,31.75068092,23.91861725,24.46339226,336.2580566,530.7167969,0.305429339,0.33314383,0.306699991,0.788900018
3009,79.59306548,18.40512898,56861,TELANGANA,Jaya Shankar,Tekumatia,Kundanpalle,18-11-2020,POINT(79.59306548 18.40512898),Paddy - IR,Square (5x5m),Accepted,13.3,11.97,4788,0.297185719,0.687843561,0.197600007,0.568799973,30.44519234,31.75068092,23.91861725,24.46339226,336.2580566,530.7167969,0.35046649,0.27217415,0.334600002,0.781099975
3010,79.59684518,18.41545587,56860,TELANGANA,Jaya Shankar,Tekumatia,Kundanpalle,18-11-2020,POINT(79.59684518 18.41545587),Paddy - IR,Square (5x5m),Accepted,12.72,11.448,4579,0.304780722,0.82876724,0.172600001,0.308099985,30.44588852,31.74390984,23.89957237,24.44281769,337.4766541,545.5053711,0.274412036,0.349498749,0.290899992,0.440600008
3011,79.58766532,18.42849924,56859,TELANGANA,Jaya Shankar,Tekumatia,Emped,18-11-2020,POINT(79.58766532 18.42849924),Paddy - IR,Square (5x5m),Accepted,11.68,10.512,4205,0.295758218,0.523435891,0.118299998,0.524399996,30.45082283,31.74059105,23.8837204,24.4276619,339.2674255,535.2363281,0.311265141,0.338447332,0.138400003,0.760599971
3012,79.58609021,18.41866466,56858,TELANGANA,Jaya Shankar,Tekumatia,Emped,18-11-2020,POINT(79.58609021 18.41866466),Paddy - IR,Square (5x5m),Accepted,11.06,9.954,3982,0.295456409,0.524321616,0.321999997,0.531799972,30.45014,31.7474556,23.90301514,24.44857407,337.6967468,519.187561,0.35500589,0.335204601,0.494100004,0.756600022
3014,79.87561633,18.58748945,56834,TELANGANA,Jaya Shankar,Malharrao,edlapally,18-11-2020,POINT(79.87561633 18.58748945),Paddy - IR,Square (5x5m),Accepted,11.32,10.188,4075,0.306231111,0.550200999,0.236000001,0.259799987,30.34460258,31.57411766,23.59860229,24.09200096,184.4370422,933.9478149,0.25027445,0.356695622,0.402999997,0.353100002
3018,79.8949309,18.58271457,56714,TELANGANA,Jaya Shankar,Malharrao,Rudraram,17-11-2020,POINT(79.8949309 18.58271457),Paddy - IR,Square (5x5m),Accepted,12.22,10.998,4399,0.308868647,0.575261533,0.31400001,0.550800025,30.33652115,31.57021141,23.60022926,24.09192657,195.823761,944.4491577,0.103803732,0.30023095,0.570599973,0.808700025
3019,79.629562,18.37648932,56706,TELANGANA,Jaya Shankar,Tekumatia,Ankushapur,17-11-2020,POINT(79.629562 18.37648932),Paddy - IR,Square (5x5m),Accepted,17.12,15.408,6163,0.307528883,0.677142084,0.201299995,0.371899992,30.43020248,31.75922966,23.9624176,24.50381279,336.1670227,580.427002,0.295962065,0.357515991,0.384000003,0.622300029
3020,79.63996151,18.3858744,56686,TELANGANA,Jaya Shankar,Tekumatia,Ramakistapur (T),16-11-2020,POINT(79.63996151 18.3858744),Paddy - IR,Square (5x5m),Accepted,14.74,13.266,5306,0.301596314,0.773124099,0.269899994,0.533500016,30.42664909,31.74891281,23.93992996,24.47748184,337.1654968,621.5333252,0.344313323,0.339682877,0.496100008,0.799700022
3021,79.6507466,18.37953696,56685,TELANGANA,Jaya Shankar,Tekumatia,Ramakistapur (T),16-11-2020,POINT(79.6507466 18.37953696),Paddy - IR,Square (5x5m),Accepted,16.63,14.967,5987,0.306311131,0.831593394,0.341100007,0.559000015,30.41730309,31.74746513,23.94908333,24.48250961,339.7316895,674.5028687,0.29742375,0.330987722,0.499000013,0.791599989
3022,79.65998949,18.37796284,56684,TELANGANA,Jaya Shankar,Tekumatia,Ankushapur,16-11-2020,POINT(79.65998949 18.37796284),Paddy - IR,Square (5x5m),Accepted,13.59,12.231,4892,0.316157609,0.845156908,0.314700007,0.407700002,30.41730309,31.74746513,23.94908333,24.48250961,339.7316895,674.5028687,0.29742375,0.35046649,0.461699992,0.717499971
3023,79.67829,18.352635,56353,TELANGANA,Jaya Shankar,Chityal,Kailapur,13-11-2020,POINT(79.67829 18.352635),Paddy - IR,Square (5x5m),Accepted,14.71,13.239,5296,0.304835558,0.723784149,0.296700001,0.673900008,30.40711403,31.75166512,23.9742775,24.5040741,344.6748657,768.0800171,0.337177515,0.331717491,0.483700007,0.955200016
3024,79.88469891,18.57531185,56344,TELANGANA,Jaya Shankar,Malharrao,Rudraram,13-11-2020,POINT(79.88469891 18.57531185),Paddy - IR,Square (5x5m),Accepted,13.64,12.276,4910,0.303017676,0.602670312,0.486600012,0.523199975,30.33950615,31.57621765,23.61119843,24.1027832,198.397583,959.3265381,0.327159435,0.351413101,0.665600002,0.782700002
3025,79.87667881,18.58977402,56172,TELANGANA,Jaya Shankar,Malharrao,Yedlapalle,12-11-2020,POINT(79.87667881 18.58977402),Paddy - IR,Square (5x5m),Accepted,12.72,11.448,4579,0.305549294,0.551458359,0.254999995,0.564599991,30.34460258,31.57411766,23.59860229,24.09200096,184.4370422,933.9478149,0.256553531,0.352339745,0.449099988,0.800199986
