S_No_,Long,Lat,USIN,State,District,Block_Mand,Village,CCE_Date,Geo_Coordi,Target_Cro,CCE_Plot_S,QC_Status,Wet_Weight,Dry_Weight,Yield_kg_h,CCCI_Puri_250,CWSI_Puri_250,EVI_241_OR_Puri,EVI_273_OR_Puri,NDVI_241_OR_Puri,NDVI_273_OR_Puri,puri_07_12_sept_sm_250m,Puri_7_11_october_sm_250m,Puri_max_GS_250,Puri_max_VS_250,Puri_min_GS_250,Puri_min_VS_250,Puri_rf_GS_250,Puri_rf_VS_250
700,85.88790152,20.10422156,59803,ORISSA,Puri,Nimapada,Dalavanapur,26-12-2020,POINT(85.88790152 20.10422156),Paddy - IR,Square (5x5m),Accepted,12.68,11.412,4565,0.306859314,0.688325942,0.408100009,0.582499981,0.613699973,0.843900025,0.354572833,0.354572833,32.66810226,32.8886528,22.25218582,25.12260056,288.4794006,505.0934448
701,85.88572808,20.1021981,59802,ORISSA,Puri,Nimapada,Dalavanapur,26-12-2020,POINT(85.8857280761003 20.1021980959922),Paddy - IR,Square (5x5m),Accepted,10.8,9.72,3888,0.305467516,0.686997116,0.262800008,0.584299982,0.470200002,0.827899992,0.314468533,0.314468533,32.66810226,32.8886528,22.25218582,25.12260056,288.4794006,505.0934448
702,85.88577049,20.10103192,59801,ORISSA,Puri,Nimapada,Salajanga,26-12-2020,POINT(85.8857704885304 20.101031921804),Paddy - IR,Square (5x5m),Accepted,11.05,9.945,3978,0.305467516,0.686997116,0.282799989,0.581799984,0.494800001,0.823300004,0.314468533,0.314468533,32.66810226,32.8886528,22.25218582,25.12260056,288.4794006,505.0934448
703,85.8780132,20.10660149,59800,ORISSA,Puri,Nimapada,Salajanga,26-12-2020,POINT(85.8780132047832 20.1066014869139),Paddy - IR,Square (5x5m),Accepted,11.44,10.296,4118,0.292316765,0.668385446,0.144400001,0.667699993,0.577300012,0.877200007,0.354135394,0.346981913,32.64933777,32.90415573,22.22650719,25.10165024,288.065033,496.6191406
705,86.20879722,19.99244361,59798,ORISSA,Puri,Kakatpur,Mulagarh,26-12-2020,POINT(86.2087972182781 19.9924436118454),Paddy - IR,Square (5x5m),Accepted,10.78,9.702,3881,0.301482677,0.350993991,0.182899997,0.327699989,0.242400005,0.381999999,0.335204601,0.352339745,33.30298233,31.97486687,23.10312843,25.81571007,320.1743469,899.477478
706,86.16811825,19.97210937,59797,ORISSA,Puri,Kakatpur,Runkei,26-12-2020,POINT(86.168118249625 19.9721093662083),Paddy - IR,Square (5x5m),Accepted,11.25,10.125,4050,0.296319813,0.730500877,0.512799978,0.453500003,0.747799993,0.579699993,0.306651115,0.314468533,33.27034378,31.99923134,23.03639412,25.75988579,325.9393616,921.3337402
707,86.17549919,19.98641212,59796,ORISSA,Puri,Kakatpur,Tarat,26-12-2020,POINT(86.1754991859198 19.9864121200517),Paddy - IR,Square (5x5m),Accepted,10.88,9.792,3917,0.295798689,0.810159504,0.576499999,0.1162,0.774699986,0.153300002,0.29742375,0.339069337,33.27485275,32.0099144,23.04998016,25.77143478,323.4375305,907.7767334
708,86.18515011,20.0215183,59795,ORISSA,Puri,Kakatpur,nilakanthapur,26-12-2020,POINT(86.1851501092315 20.0215182965621),Paddy - IR,Square (5x5m),Accepted,10.98,9.882,3953,0.300190479,0.317657381,0.260800004,0.335399985,0.486699998,0.40990001,0.304177821,0.256553531,33.26719284,32.13155746,23.05324364,25.77495575,316.0343018,837.5862427
709,86.21930963,20.02166251,59794,ORISSA,Puri,Kakatpur,Bhandagarh,26-12-2020,POINT(86.2193096335977 20.0216625072062),Paddy - IR,Square (5x5m),Accepted,10.95,9.855,3942,0.301850051,0.427289993,0.125200003,0.318199992,0.164499998,0.501999974,0.336529225,0.336529225,33.30679703,32.06737518,23.11612511,25.82679939,315.5189514,842.0119629
710,86.21444,20.0089151,59793,ORISSA,Puri,Kakatpur,Bhandagarh,26-12-2020,POINT(86.2144399993122 20.0089150993153),Paddy - IR,Square (5x5m),Accepted,12.94,11.646,4658,0.304498255,0.415308505,0.468199998,0.211899996,0.630900025,0.25819999,0.344313323,0.344313323,33.31166458,31.98996925,23.12025452,25.83000946,318.2991333,882.4594116
711,86.21017219,20.00476954,59792,ORISSA,Puri,Kakatpur,nabipur,26-12-2020,POINT(86.2101721856743 20.0047695357353),Paddy - IR,Square (5x5m),Accepted,12.86,11.574,4630,0.304319054,0.417120248,0.26030001,0.569800019,0.3741,0.799300015,0.35046649,0.339069337,33.31166458,31.98996925,23.12025452,25.83000946,318.2991333,882.4594116
770,85.78350364,20.05871308,59716,ORISSA,Puri,Delanga,Brahmanataraboi,25-12-2020,POINT(85.78350364 20.05871308),Paddy - IR,Square (5x5m),Accepted,11.67,10.503,4201,0.304520935,0.756330967,0.598500013,0.592599988,0.783999979,0.75,0.337177515,0.337177515,32.64213943,33.00844955,22.13253784,25.01973534,306.617981,534.1960449
771,85.78159342,20.05792496,59715,ORISSA,Puri,Delanga,Brahmanataraboi,25-12-2020,POINT(85.78159342 20.05792496),Paddy - IR,Square (5x5m),Accepted,12.22,10.998,4399,0.297278553,0.754343688,0.548200011,0.602900028,0.784699976,0.713,0.354572833,0.354572833,32.64213943,33.00844955,22.13253784,25.01973534,306.617981,534.1960449
849,85.79742099,20.07978197,59614,ORISSA,Puri,Delanga,Lembaupada,23-12-2020,POINT(85.79742099 20.07978197),Paddy - IR,Square (5x5m),Accepted,12.75,11.475,4590,0.309495866,0.70632726,0.206100002,0.707400024,0.474000007,0.870199978,0.309010476,0.341475397,32.59414673,33.00483322,22.1015892,24.99665451,301.3231506,523.1615601
850,85.7958582,20.07967001,59613,ORISSA,Puri,Delanga,Lembaupada,23-12-2020,POINT(85.7958582 20.07967001),Paddy - IR,Square (5x5m),Accepted,12.28,11.052,4421,0.309360415,0.671167254,0.206100002,0.707400024,0.474000007,0.870199978,0.309010476,0.309010476,32.59414673,33.00483322,22.1015892,24.99665451,301.3231506,523.1615601
851,85.79102302,20.08079607,59612,ORISSA,Puri,Delanga,Narapur,23-12-2020,POINT(85.79102302 20.08079607),Paddy - IR,Square (5x5m),Accepted,12.84,11.556,4622,0.308109194,0.69770503,0.126300007,0.703700006,0.314599991,0.890900016,0.345933616,0.344859958,32.56250381,33.01261902,22.0747509,24.97578621,299.3498535,520.6711426
852,85.7901268,20.08051816,59611,ORISSA,Puri,Delanga,Nuagarh,23-12-2020,POINT(85.7901268 20.08051816),Paddy - IR,Square (5x5m),Accepted,12.95,11.655,4662,0.308109194,0.69770503,0.126300007,0.703700006,0.314599991,0.890900016,0.345933616,0.344859958,32.56250381,33.01261902,22.0747509,24.97578621,299.3498535,520.6711426
862,86.25917,19.98183167,59601,ORISSA,Puri,Astaranga,Kuhudi,23-12-2020,POINT(86.25917 19.9818316666667),Paddy - IR,Square (5x5m),Accepted,8.988,8.0892,3236,0.2982831,0.408281237,0.422800004,0.425199986,0.768599987,0.497700006,0.341475397,0.332436115,33.35821152,31.81521034,23.19878769,25.89500427,318.7211609,938.0371094
863,86.274215,19.97805833,59600,ORISSA,Puri,Astaranga,Astaranga,23-12-2020,POINT(86.274215 19.9780583333333),Paddy - IR,Square (5x5m),Accepted,11.47,10.323,4129,0.294527262,0.413856834,0.409799993,0.533500016,0.620800018,0.826600015,0.33314383,0.338447332,33.37731171,31.72341347,23.23451424,25.92475128,318.3055115,969.2869263
864,86.26767,19.95463,59599,ORISSA,Puri,Astaranga,Patalada,23-12-2020,POINT(86.26767 19.95463),Paddy - IR,Square (5x5m),Accepted,11.25,10.125,4050,0.292969257,0.367703348,0.419999987,0.323700011,0.686699986,0.528400004,0.318442583,0.318442583,33.3655014,31.66372108,23.21473503,25.90838814,320.73526,1011.143372
865,86.22904333,19.94101667,59598,ORISSA,Puri,Astaranga,Bantilo,23-12-2020,POINT(86.2290433333333 19.9410166666667),Paddy - IR,Square (5x5m),Accepted,11.88,10.692,4277,0.295519143,0.477584779,0.407499999,0.309399992,0.602299988,0.439200014,0.196295634,0.286239266,33.33390427,31.73046684,23.14888382,25.85325241,325.6324158,1009.891785
866,86.222905,19.947635,59597,ORISSA,Puri,Astaranga,udayapur,23-12-2020,POINT(86.222905 19.947635),Paddy - IR,Square (5x5m),Accepted,12.95,11.655,4662,0.292483836,0.513716936,0.553600013,0.583199978,0.767400026,0.837100029,0.313423336,0.304177821,33.33390427,31.73046684,23.14888382,25.85325241,325.6324158,1009.891785
867,86.22487333,19.964795,59596,ORISSA,Puri,Astaranga,sidhipur,23-12-2020,POINT(86.2248733333333 19.964795),Paddy - IR,Square (5x5m),Accepted,11.07,9.963,3985,0.301292688,0.523415983,0.388599992,0.444000006,0.698899984,0.550400019,0.294458985,0.269845009,33.33042908,31.80934525,23.14593506,25.85095978,323.0610962,968.2905884
948,86.24255833,20.00066833,59484,ORISSA,Puri,Astaranga,naiguan,22-12-2020,POINT(86.2425583333333 20.0006683333333),Paddy - IR,Square (5x5m),Accepted,10.12,9.108,3643,0.29558152,0.352427006,0.421299994,0.141800001,0.775900006,0.138300002,0.306651115,0.239450902,33.34709549,31.92137146,23.17959595,25.8791008,317.157135,890.3460693
949,86.26185333,20.00606167,59483,ORISSA,Puri,Astaranga,naiguan,22-12-2020,POINT(86.2618533333333 20.0060616666667),Paddy - IR,Square (5x5m),Accepted,11.94,10.746,4298,0.29917258,0.029493952,0.2447,0.79610002,0.390300006,0.663699985,0.276565075,0.253495604,33.37071609,31.87563896,23.21915817,25.91182709,316.395813,895.6038818
950,86.25901333,19.99760167,59482,ORISSA,Puri,Astaranga,Beguniabasta,22-12-2020,POINT(86.2590133333333 19.9976016666667),Paddy - IR,Square (5x5m),Accepted,10.63,9.567,3827,0.301401645,0.177878812,0.248699993,0.156299993,0.395399988,0.157000005,0.282569379,0.278638929,33.35855865,31.8568573,23.19908333,25.89523506,317.7488098,915.5060425
951,86.26919833,19.99177833,59481,ORISSA,Puri,Astaranga,Beguniabasta,22-12-2020,POINT(86.2691983333334 19.9917783333333),Paddy - IR,Square (5x5m),Accepted,12.79,11.511,4604,0.295748621,0.466655314,0.467500001,0.647199988,0.738300025,0.788999975,0.342632145,0.342632145,33.36967468,31.83325577,23.21827316,25.91113853,317.2637024,918.711792
952,86.273435,19.98724167,59480,ORISSA,Puri,Astaranga,Beguniabasta,22-12-2020,POINT(86.273435 19.9872416666667),Paddy - IR,Square (5x5m),Accepted,7.51,6.759,2704,0.291890681,0.361832321,0.337099999,0.338,0.620800018,0.550100029,0.343759894,0.332436115,33.37905121,31.7665329,23.23598862,25.9258976,317.5420532,945.6022339
953,86.25792167,19.98398667,59479,ORISSA,Puri,Astaranga,Kuhudi,22-12-2020,POINT(86.2579216666667 19.9839866666667),Paddy - IR,Square (5x5m),Accepted,13.08,11.772,4709,0.298371196,0.410297722,0.402999997,0.236200005,0.586300015,0.31310001,0.325537503,0.339069337,33.35821152,31.81521034,23.19878769,25.89500427,318.7211609,938.0371094
954,86.24788667,19.96558333,59478,ORISSA,Puri,Astaranga,Nagapur,22-12-2020,POINT(86.2478866666667 19.9655833333333),Paddy - IR,Square (5x5m),Accepted,9.888,8.8992,3560,0.303977519,0.494724184,0.48210001,0.263200015,0.721700013,0.344799995,0.324705422,0.30023095,33.34848785,31.75772476,23.1807766,25.88001823,321.4642334,978.1630249
955,86.246945,19.97576167,59477,ORISSA,Puri,Astaranga,Anko,22-12-2020,POINT(86.246945 19.9757616666667),Paddy - IR,Square (5x5m),Accepted,9.28,8.352,3341,0.304335773,0.438509732,0.320499986,0.435499996,0.847000003,0.532800019,0.325537503,0.280638784,33.3481369,31.79863739,23.18048096,25.87978745,320.3874817,956.2088013
956,86.25390667,19.97797833,59476,ORISSA,Puri,Astaranga,bastadhia,22-12-2020,POINT(86.2539066666667 19.9779783333333),Paddy - IR,Square (5x5m),Accepted,10.88,9.792,3917,0.29962948,0.398345083,0.482600003,0.512499988,0.781199992,0.587499976,0.26223582,0.29742375,33.35786438,31.77356148,23.19849205,25.89477539,319.6934814,960.5681763
957,86.25068167,19.98124167,59475,ORISSA,Puri,Astaranga,Anko,22-12-2020,POINT(86.2506816666667 19.9812416666667),Paddy - IR,Square (5x5m),Accepted,11.43,10.287,4115,0.295236886,0.393606424,0.480199993,0.478700012,0.807699978,0.570800006,0.311265141,0.311265141,33.35821152,31.81521034,23.19878769,25.89500427,318.7211609,938.0371094
1048,86.160205,19.96739,59361,ORISSA,Puri,Gop,godidiha,21-12-2020,POINT(86.160205 19.96739),Paddy - IR,Square (5x5m),Accepted,12.14,10.926,4370,0.296027154,0.751909971,0.495799989,0.441399992,0.742500007,0.519500017,0.282569379,0.304177821,33.27625656,31.9642086,23.04140663,25.76378441,327.8516846,938.6733398
1049,86.18889667,20.02998667,59360,ORISSA,Puri,Kakatpur,gamharipada,21-12-2020,POINT(86.1888966666667 20.0299866666667),Paddy - IR,Square (5x5m),Accepted,10.52,9.468,3787,0.299935818,0.230808794,0.215900004,0.529600024,0.452499986,0.691200018,0.337177515,0.340288252,33.26719284,32.13155746,23.05324364,25.77495575,316.0343018,837.5862427
1050,86.19071833,20.03042167,59359,ORISSA,Puri,Kakatpur,Patasundarpur,21-12-2020,POINT(86.1907183333333 20.0304216666667),Paddy - IR,Square (5x5m),Accepted,11.8,10.62,4248,0.302686155,0.29926756,0.208800003,0.460599989,0.312999994,0.611699998,0.343199551,0.333840907,33.27656937,32.14739227,23.070961,25.78971481,314.2635193,819.991394
1051,86.19568667,20.03928833,59358,ORISSA,Puri,Kakatpur,Patasundarpur,21-12-2020,POINT(86.1956866666667 20.0392883333333),Paddy - IR,Square (5x5m),Accepted,13.34,12.006,4802,0.301165164,0.468649775,0.304500014,0.830500007,0.506299973,0.676900029,0.348509192,0.342057407,33.27656937,32.14739227,23.070961,25.78971481,314.2635193,819.991394
1052,86.192935,20.03768167,59357,ORISSA,Puri,Kakatpur,Patasundarpur,21-12-2020,POINT(86.192935 20.0376816666667),Paddy - IR,Square (5x5m),Accepted,11.76,10.584,4234,0.303179115,0.464507729,0.1963,0.830500007,0.365099996,0.676900029,0.326355338,0.348509192,33.27656937,32.14739227,23.070961,25.78971481,314.2635193,819.991394
1053,86.20415667,20.02847667,59356,ORISSA,Puri,Kakatpur,Patharpaka,21-12-2020,POINT(86.2041566666667 20.0284766666667),Paddy - IR,Square (5x5m),Accepted,11.17,10.053,4021,0.305282921,0.451207668,0.213499993,0.195099995,0.358200014,0.230599999,0.282569379,0.291319638,33.29359436,32.08876801,23.09516525,25.80951691,315.6907349,840.5366821
1054,86.20468,20.02552333,59355,ORISSA,Puri,Kakatpur,patharpaka,21-12-2020,POINT(86.20468 20.0255233333333),Paddy - IR,Square (5x5m),Accepted,13.89,12.501,5000,0.308849871,0.443645418,0.153699994,0.688000023,0.262899995,0.806100011,0.310150355,0.280638784,33.29359436,32.08876801,23.09516525,25.80951691,315.6907349,840.5366821
1055,86.20167667,20.02358,59354,ORISSA,Puri,Kakatpur,patharapaka,21-12-2020,POINT(86.2016766666667 20.02358),Paddy - IR,Square (5x5m),Accepted,13.22,11.898,4759,0.309346884,0.430829108,0.241899997,0.367799997,0.388500005,0.570800006,0.340288252,0.340288252,33.29359436,32.08876801,23.09516525,25.80951691,315.6907349,840.5366821
1056,86.20099667,20.02018333,59353,ORISSA,Puri,Kakatpur,Kuapada,21-12-2020,POINT(86.2009966666667 20.0201833333333),Paddy - IR,Square (5x5m),Accepted,10.68,9.612,3845,0.303284675,0.418724716,0.298299998,0.838400006,0.484800011,0.773999989,0.340885729,0.340885729,33.29359436,32.08876801,23.09516525,25.80951691,315.6907349,840.5366821
1057,86.19887,20.00951833,59352,ORISSA,Puri,Kakatpur,Kandalpur,21-12-2020,POINT(86.19887 20.0095183333333),Paddy - IR,Square (5x5m),Accepted,11.88,10.692,4277,0.338555396,0.451480597,0.511200011,0.437400013,0.705799997,0.500100017,0.330987722,0.330987722,33.28804398,32.03570175,23.0806942,25.79728127,319.0604858,877.2016602
1058,86.192375,20.00586,59351,ORISSA,Puri,Kakatpur,Kandalpur,21-12-2020,POINT(86.192375 20.00586),Paddy - IR,Square (5x5m),Accepted,11.53,10.377,4151,0.30295819,0.701361001,0.3926,0.435400009,0.552299976,0.585500002,0.295962065,0.306651115,33.28804398,32.03570175,23.0806942,25.79728127,319.0604858,877.2016602
1059,86.13186694,19.95808053,59350,ORISSA,Puri,Gop,Samakula,21-12-2020,POINT(86.1318669375032 19.9580805329606),Paddy - IR,Square (5x5m),Accepted,11.75,10.575,4230,0.306731403,0.756664157,0.473800004,0.561399996,0.782999992,0.765299976,0.315492332,0.315492332,33.257164,32.00882339,22.99592781,25.7254715,332.4725952,939.4738159
1060,86.13335238,19.96306672,59349,ORISSA,Puri,Gop,Sorabha,21-12-2020,POINT(86.1333523783833 19.9630667176098),Paddy - IR,Square (5x5m),Accepted,11.84,10.656,4262,0.306606859,0.785387456,0.3037,0.514599979,0.456099987,0.749499977,0.349498749,0.340885729,33.2491684,32.04163742,22.98914337,25.72019768,330.2469788,923.8647461
1061,86.13796536,19.96866038,59348,ORISSA,Puri,Gop,Sorabha,21-12-2020,POINT(86.1379653587937 19.9686603806913),Paddy - IR,Square (5x5m),Accepted,14.09,12.681,5072,0.305612952,0.815999508,0.359600008,0.493699998,0.637000024,0.681900024,0.309010476,0.295962065,33.2491684,32.04163742,22.98914337,25.72019768,330.2469788,923.8647461
1062,86.14473224,19.96948952,59347,ORISSA,Puri,Gop,Durgapur,21-12-2020,POINT(86.1447322368622 19.969489518553),Paddy - IR,Square (5x5m),Accepted,10.57,9.513,3805,0.290205717,0.779990673,0.511300027,0.451400012,0.746800005,0.516300023,0.336529225,0.336529225,33.25819778,32.01582718,23.00656509,25.73472595,329.4485474,928.8009644
1063,86.14869285,19.96867396,59346,ORISSA,Puri,Gop,Durgapur,21-12-2020,POINT(86.1486928537488 19.9686739593744),Paddy - IR,Square (5x5m),Accepted,12.3,11.07,4428,0.293866634,0.770747304,0.460799992,0.352100015,0.713800013,0.431199998,0.356279403,0.356279403,33.25819778,32.01582718,23.00656509,25.73472595,329.4485474,928.8009644
1064,86.15630169,19.96919008,59345,ORISSA,Puri,Gop,godidhia,21-12-2020,POINT(86.1563016939908 19.9691900750622),Paddy - IR,Square (5x5m),Accepted,11.84,10.656,4262,0.292354554,0.758206427,0.468699992,0.404799998,0.723999977,0.478599995,0.336529225,0.337816805,33.26722717,31.99001884,23.02398682,25.74925613,328.650116,933.7371216
1065,86.0183991,20.0078146,59344,ORISSA,Puri,Gop,Jirikana,11-12-2020,POINT(86.0183991026133 20.0078145973384),Paddy - IR,Square (5x5m),Accepted,13.54,12.186,4874,0.315818429,0.701200128,0.473800004,0.431499988,0.790600002,0.564100027,0.316495419,0.337816805,33.07545471,32.4472847,22.7246418,25.50273514,312.5630188,684.5620728
1125,86.02613376,20.05657971,59263,ORISSA,Puri,Nimapada,Ansalo,20-12-2020,POINT(86.026133755222 20.0565797137097),Paddy - IR,Square (5x5m),Accepted,12.42,11.178,4471,0.295324862,0.619176865,0.477699995,0.555899978,0.71509999,0.730700016,0.338447332,0.338447332,33.0090332,32.54800415,22.67806053,25.46750069,303.8383179,662.067749
1135,86.0918,20.05236333,59252,ORISSA,Puri,Nimapada,Sudhabarimul,20-12-2020,POINT(86.0918 20.0523633333333),Paddy - IR,Square (5x5m),Accepted,12.69,11.421,4568,0.306815624,0.858303905,0.453099996,0.368299991,0.680800021,0.433899999,0.345400035,0.345400035,33.11604691,32.41370773,22.83717155,25.59810066,308.2038574,747.1669922
1136,86.092745,20.051115,59251,ORISSA,Puri,Nimapada,kusumathenga,20-12-2020,POINT(86.092745 20.051115),Paddy - IR,Square (5x5m),Accepted,11.82,10.638,4255,0.29699865,0.832826674,0.447400004,0.368299991,0.691900015,0.433899999,0.345400035,0.345400035,33.11604691,32.41370773,22.83717155,25.59810066,308.2038574,747.1669922
1137,86.04332667,20.067345,59250,ORISSA,Puri,Nimapada,kaduapatna,20-12-2020,POINT(86.0433266666667 20.067345),Paddy - IR,Square (5x5m),Accepted,11.13,10.017,4007,0.308985204,0.524576545,0.106299996,0.477200001,0.174199998,0.644400001,0.274412036,0.274412036,33.02535248,32.53582001,22.71142769,25.49541283,303.0903625,677.2418823
1138,86.025845,20.06440333,59249,ORISSA,Puri,Nimapada,Ansalo,20-12-2020,POINT(86.025845 20.0644033333333),Paddy - IR,Square (5x5m),Accepted,11.98,10.782,4313,0.307249129,0.636133552,0.266200006,0.327499986,0.499799997,0.549799979,0.348509192,0.348509192,32.99338913,32.57271957,22.66478729,25.45718193,301.9267883,654.4009399
1139,86.02209333,20.06615667,59248,ORISSA,Puri,Nimapada,Bishnupur,20-12-2020,POINT(86.0220933333333 20.0661566666667),Paddy - IR,Square (5x5m),Accepted,11.9,10.71,4284,0.309107989,0.674565971,0.1514,0.507700026,0.305099994,0.690900028,0.317478597,0.317478597,32.99338913,32.57271957,22.66478729,25.45718193,301.9267883,654.4009399
1140,86.02066833,20.06477167,59247,ORISSA,Puri,Nimapada,Bishnupur,20-12-2020,POINT(86.0206683333333 20.0647716666667),Paddy - IR,Square (5x5m),Accepted,11.89,10.701,4280,0.310638428,0.689414918,0.263900012,0.627699971,0.405600011,0.762000024,0.30023095,0.280638784,32.99338913,32.57271957,22.66478729,25.45718193,301.9267883,654.4009399
1141,86.01896833,20.06309,59246,ORISSA,Puri,Nimapada,Bishnupur,20-12-2020,POINT(86.0189683333333 20.06309),Paddy - IR,Square (5x5m),Accepted,10.96,9.864,3946,0.310478657,0.697158277,0.288100004,0.569100022,0.484200001,0.733900011,0.264884233,0.305429339,32.97740555,32.59116745,22.64146805,25.43806648,301.3450012,642.9804688
1142,86.01736167,20.06249333,59245,ORISSA,Puri,Nimapada,Bishnupur,20-12-2020,POINT(86.0173616666667 20.0624933333333),Paddy - IR,Square (5x5m),Accepted,12,10.8,4320,0.310478657,0.697158277,0.352999985,0.54460001,0.572399974,0.718200028,0.264884233,0.305429339,32.97740555,32.59116745,22.64146805,25.43806648,301.3450012,642.9804688
1143,86.027355,20.05722667,59244,ORISSA,Puri,Nimapada,Ansalo,20-12-2020,POINT(86.027355 20.0572266666667),Paddy - IR,Square (5x5m),Accepted,11.28,10.152,4061,0.295324862,0.619176865,0.493800014,0.492700011,0.710099995,0.68809998,0.29742375,0.29742375,33.0090332,32.54800415,22.67806053,25.46750069,303.8383179,662.067749
1144,86.026615,20.06074,59243,ORISSA,Puri,Nimapada,Ansalo,20-12-2020,POINT(86.026615 20.06074),Paddy - IR,Square (5x5m),Accepted,10.84,9.756,3902,0.313591361,0.628766477,0.348800004,0.457100004,0.566500008,0.564400017,0.325537503,0.325537503,32.99338913,32.57271957,22.66478729,25.45718193,301.9267883,654.4009399
1145,86.02697833,20.05794,59242,ORISSA,Puri,Nimapada,Ansalo,20-12-2020,POINT(86.0269783333333 20.05794),Paddy - IR,Square (5x5m),Accepted,12.7,11.43,4572,0.295324862,0.619176865,0.477699995,0.555899978,0.71509999,0.730700016,0.29742375,0.29742375,33.0090332,32.54800415,22.67806053,25.46750069,303.8383179,662.067749
1220,85.97715528,20.05233927,59163,ORISSA,Puri,Nimapada,nuharakiri,19-12-2020,POINT(85.9771552775055 20.0523392669857),Paddy - IR,Square (5x5m),Accepted,11.99,10.791,4316,0.302951694,0.723132014,0.222399995,0.244800001,0.42050001,0.280800015,0.331717491,0.330246449,32.93259811,32.64392853,22.56440926,25.37421608,300.7200623,601.2825928
1221,85.97581367,20.05430575,59162,ORISSA,Puri,Nimapada,nuharakiri,19-12-2020,POINT(85.9758136700839 20.0543057452887),Paddy - IR,Square (5x5m),Accepted,9.76,8.784,3514,0.306310773,0.725991905,0.324999988,0.236200005,0.561200023,0.275900006,0.343199551,0.343199551,32.93259811,32.64392853,22.56440926,25.37421608,300.7200623,601.2825928
1222,85.97734136,20.05619838,59161,ORISSA,Puri,Nimapada,nuharakiri,19-12-2020,POINT(85.9773413557559 20.0561983790249),Paddy - IR,Square (5x5m),Accepted,11.88,10.692,4277,0.309117943,0.724364698,0.324999988,0.236200005,0.561200023,0.275900006,0.349006742,0.353246838,32.93259811,32.64392853,22.56440926,25.37421608,300.7200623,601.2825928
1223,85.97980823,20.05607508,59160,ORISSA,Puri,Nimapada,nuharakiri,19-12-2020,POINT(85.9798082336783 20.0560750812292),Paddy - IR,Square (5x5m),Accepted,13.34,12.006,4802,0.305935174,0.721478701,0.324999988,0.236200005,0.561200023,0.275900006,0.338447332,0.339069337,32.93259811,32.64392853,22.56440926,25.37421608,300.7200623,601.2825928
1227,85.85007641,20.10912105,59156,ORISSA,Puri,Pipili,Jagannathpur,19-12-2020,POINT(85.8500764053315 20.1091210450977),Paddy - IR,Square (5x5m),Accepted,11.73,10.557,4223,0.305701286,0.868007779,0.439399987,0.667200029,0.689499974,0.763100028,0.348509192,0.357920349,32.61180878,32.93516541,22.17514801,25.0597496,289.8995972,501.3869324
1228,85.85201925,20.10673975,59155,ORISSA,Puri,Pipili,Jagannathpur,19-12-2020,POINT(85.8520192466676 20.1067397464067),Paddy - IR,Square (5x5m),Accepted,11.02,9.918,3967,0.306209654,0.838734269,0.402399987,0.218999997,0.710699975,0.236200005,0.344859958,0.344859958,32.61180878,32.93516541,22.17514801,25.0597496,289.8995972,501.3869324
1229,85.85223592,20.10539919,59154,ORISSA,Puri,Pipili,Sunapada,19-12-2020,POINT(85.8522359188646 20.1053991867229),Paddy - IR,Square (5x5m),Accepted,10.93,9.837,3935,0.306209654,0.838734269,0.455799997,0.704999983,0.7579,0.814499974,0.349498749,0.349498749,32.61180878,32.93516541,22.17514801,25.0597496,289.8995972,501.3869324
1230,85.85120553,20.10566334,59153,ORISSA,Puri,Pipili,Sunapada,19-12-2020,POINT(85.8512055315077 20.1056633424014),Paddy - IR,Square (5x5m),Accepted,12.19,10.971,4388,0.306209654,0.838734269,0.427899987,0.193700001,0.7403,0.190699995,0.344859958,0.344859958,32.61180878,32.93516541,22.17514801,25.0597496,289.8995972,501.3869324
1231,85.85112984,20.10992868,59152,ORISSA,Puri,Pipili,Jagannathpur,19-12-2020,POINT(85.8511298429221 20.1099286833778),Paddy - IR,Square (5x5m),Accepted,13.69,12.321,4928,0.304734379,0.850298703,0.439399987,0.667200029,0.689499974,0.763100028,0.357920349,0.357920349,32.61180878,32.93516541,22.17514801,25.0597496,289.8995972,501.3869324
1287,86.20568,19.99083167,59065,ORISSA,Puri,Kakatpur,Sriramapur,18-12-2020,POINT(86.20568 19.9908316666667),Paddy - IR,Square (5x5m),Accepted,11.23,10.107,4043,0.297714919,0.352995247,0.278400004,0.504000008,0.421200007,0.638700008,0.316495419,0.276565075,33.30298233,31.97486687,23.10312843,25.81571007,320.1743469,899.477478
1288,85.85364047,20.10858397,59064,ORISSA,Puri,Pipili,Jagannathpur,18-12-2020,POINT(85.8536404743791 20.108583974652),Paddy - IR,Square (5x5m),Accepted,12.05,10.845,4338,0.306118369,0.826907158,0.482899994,0.667200029,0.734799981,0.763100028,0.346460849,0.346460849,32.61180878,32.93516541,22.17514801,25.0597496,289.8995972,501.3869324
1289,85.85526195,20.10815377,59063,ORISSA,Puri,Pipili,Sunapada,18-12-2020,POINT(85.8552619535476 20.1081537734717),Paddy - IR,Square (5x5m),Accepted,11.31,10.179,4072,0.305327415,0.826749444,0.429199994,0.848800004,0.733399987,0.727999985,0.357107818,0.35046649,32.61180878,32.93516541,22.17514801,25.0597496,289.8995972,501.3869324
1290,85.85633467,20.10827032,59062,ORISSA,Puri,Pipili,Sunapada,18-12-2020,POINT(85.8563346695155 20.1082703238353),Paddy - IR,Square (5x5m),Accepted,12.69,11.421,4568,0.305327415,0.826749444,0.433600008,0.848800004,0.692600012,0.727999985,0.357107818,0.35046649,32.61180878,32.93516541,22.17514801,25.0597496,289.8995972,501.3869324
1291,85.84459925,20.09432673,59061,ORISSA,Puri,Pipili,Kanhupur,18-12-2020,POINT(85.8445992507041 20.0943267345428),Paddy - IR,Square (5x5m),Accepted,11.73,10.557,4223,0.298082888,0.856743753,0.298599988,0.709800005,0.505599976,0.863600016,0.351413101,0.350942314,32.62120819,32.93920135,22.17335892,25.05737495,292.3591614,502.5913696
1292,85.84587489,20.09099132,59060,ORISSA,Puri,Pipili,Kanhupur,18-12-2020,POINT(85.8458748925477 20.0909913238138),Paddy - IR,Square (5x5m),Accepted,12.93,11.637,4655,0.307543755,0.861983836,0.3759,0.232199997,0.691399992,0.321500003,0.315492332,0.315492332,32.62120819,32.93920135,22.17335892,25.05737495,292.3591614,502.5913696
1407,85.53191537,19.96296839,58917,ORISSA,Puri,Kanas,Badal,16-12-2020,POINT(85.53191537 19.96296839),Paddy - IR,Square (5x5m),Accepted,10.84,9.756,3902,0.308464378,0.627837598,0.0033,0.638100028,0.0197,0.828299999,-0.052999999,-0.052999999,32.86720657,32.78426361,22.24463272,25.15646744,326.7148743,611.2206421
1408,85.886995,19.95365167,58916,ORISSA,Puri,Satyabadi,Parajapada,16-12-2020,POINT(85.886995 19.9536516666667),Paddy - IR,Square (5x5m),Accepted,9.45,8.505,3402,0.306183159,0.673500955,0.48179999,0.43900001,0.776600003,0.634000003,0.322119504,0.322119504,33.04882813,32.67248917,22.57514381,25.37371254,308.362854,465.4211426
1409,85.89458333,19.97213,58915,ORISSA,Puri,Satyabadi,balaramapurgarh,16-12-2020,POINT(85.8945833333333 19.97213),Paddy - IR,Square (5x5m),Accepted,9.3,8.37,3348,0.326478571,0.683403432,0.114100002,0.473199993,0.389899999,0.740499973,0.29742375,0.3078444,33.00778961,32.6762352,22.5500946,25.35521889,306.6702271,488.7601624
1410,85.88050167,19.959885,58914,ORISSA,Puri,Satyabadi,Bijipur,16-12-2020,POINT(85.8805016666667 19.959885),Paddy - IR,Square (5x5m),Accepted,10.44,9.396,3758,0.305772305,0.703879118,0.391299993,0.644999981,0.690400004,0.875400007,0.346460849,0.344313323,33.04882813,32.67248917,22.57514381,25.37371254,308.362854,465.4211426
1411,85.82283,19.987435,58913,ORISSA,Puri,Satyabadi,Kabirajapur,16-12-2020,POINT(85.82283 19.987435),Paddy - IR,Square (5x5m),Accepted,10.5,9.45,3780,0.301055759,0.778739274,0.414299995,0.645200014,0.735499978,0.833000004,0.336529225,0.327950239,32.91016769,32.86174774,22.39894676,25.23081207,313.2278137,512.0004272
1422,85.8356514,20.13690374,58887,ORISSA,Puri,Pipili,Orakol,16-12-2020,POINT(85.8356514014304 20.1369037432596),Paddy - IR,Square (5x5m),Accepted,11.32,10.188,4075,0.30276829,0.81138736,0.349999994,0.616999984,0.611000001,0.818899989,0.333840907,0.333840907,32.48770523,32.99836349,22.05035019,24.96074867,286.8486633,507.4912109
1423,85.82610207,20.13757991,58886,ORISSA,Puri,Pipili,Orakol,16-12-2020,POINT(85.8261020667851 20.1375799113885),Paddy - IR,Square (5x5m),Accepted,9.165,8.2485,3299,0.301748216,0.790168703,0.481900007,0.209700003,0.714999974,0.291399986,0.340288252,0.351878941,32.4668541,33.01166153,22.02289963,24.93842125,287.5073242,507.6731873
1424,85.8232974,20.13753201,58885,ORISSA,Puri,Pipili,orakal,16-12-2020,POINT(85.8232973981649 20.1375320088118),Paddy - IR,Square (5x5m),Accepted,12.12,10.908,4363,0.303722888,0.786790311,0.421600014,0.183400005,0.665400028,0.287,0.35500589,0.354572833,32.4668541,33.01166153,22.02289963,24.93842125,287.5073242,507.6731873
1425,85.81975596,20.13365986,58884,ORISSA,Puri,Pipili,Ujanipada,16-12-2020,POINT(85.8197559602559 20.1336598629132),Paddy - IR,Square (5x5m),Accepted,11.17,10.053,4021,0.306778342,0.796920419,0.397300005,0.55250001,0.621399999,0.690800011,0.344313323,0.344313323,32.44600677,33.02495575,21.99545097,24.91609573,288.1660156,507.8551941
1466,85.53681116,19.96451371,58806,ORISSA,Puri,Kanas,Kadua,15-12-2020,POINT(85.53681116 19.96451371),Paddy - IR,Square (5x5m),Accepted,10.42,9.378,3751,0.315194756,0.592545569,0.0087,0.721700013,0.059,0.879100025,0.344980471,0.338984221,32.86720657,32.78426361,22.24463272,25.15646744,326.7148743,611.2206421
1467,85.53525582,19.96350097,58805,ORISSA,Puri,Kanas,Alipoda,15-12-2020,POINT(85.53525582 19.96350097),Paddy - IR,Square (5x5m),Accepted,8.775,7.8975,3159,0.321689934,0.598026335,0.0187,0.638100028,0.125100002,0.828299999,0.345647618,0.333655119,32.86720657,32.78426361,22.24463272,25.15646744,326.7148743,611.2206421
1468,85.53461349,19.96142565,58804,ORISSA,Puri,Kanas,Adala,15-12-2020,POINT(85.53461349 19.96142565),Paddy - IR,Square (5x5m),Accepted,8.53,7.677,3071,0.321689934,0.598026335,0.0339,0.668799996,0.174199998,0.828299999,0.346314766,0.328326017,32.86720657,32.78426361,22.24463272,25.15646744,326.7148743,611.2206421
1474,85.79561708,20.0753672,58798,ORISSA,Puri,Delanga,Nuagarh,15-12-2020,POINT(85.7956170849502 20.075367204845),Paddy - IR,Square (5x5m),Accepted,10.55,9.495,3798,0.308543593,0.735705912,0.462599993,0.706399977,0.701399982,0.885599971,0.346981913,0.322996914,32.59414673,33.00483322,22.1015892,24.99665451,301.3231506,523.1615601
1475,85.79393853,20.07658912,58797,ORISSA,Puri,Delanga,Nuagarh,15-12-2020,POINT(85.7939385250211 20.0765891186893),Paddy - IR,Square (5x5m),Accepted,12.46,11.214,4486,0.305886716,0.677960157,0.462599993,0.706399977,0.701399982,0.885599971,0.322996914,0.322996914,32.59414673,33.00483322,22.1015892,24.99665451,301.3231506,523.1615601
1476,85.79089757,20.07348811,58796,ORISSA,Puri,Delanga,Arisal,15-12-2020,POINT(85.7908975705504 20.0734881078824),Paddy - IR,Square (5x5m),Accepted,11.88,10.692,4277,0.303958088,0.686322629,0.444599986,0.657299995,0.672599971,0.85769999,0.298846096,0.316495419,32.59414673,33.00483322,22.1015892,24.99665451,301.3231506,523.1615601
1489,85.53438234,19.96003283,58774,ORISSA,Puri,Kanas,Telenganpoda,14-12-2020,POINT(85.53438234 19.96003283),Paddy - IR,Square (5x5m),Accepted,8.23,7.407,2963,0.311197311,0.580208898,0.036400001,0.5898,0.174199998,0.763400018,0.24327299,0.318370114,32.86720657,32.78426361,22.24463272,25.15646744,326.7148743,611.2206421
1490,85.53259387,19.95856008,58773,ORISSA,Puri,Kanas,kankapura,14-12-2020,POINT(85.53259387 19.95856008),Paddy - IR,Square (5x5m),Accepted,8.69,7.821,3128,0.308827013,0.584237456,0.184599996,0.5898,0.497000009,0.763400018,0.282696247,0.320244809,32.9008255,32.77563095,22.26421928,25.1719265,330.2933655,618.6412964
1511,85.78023333,19.974875,58710,ORISSA,Puri,Satyabadi,Sandhrasasan,14-12-2020,POINT(85.7802333333333 19.974875),Paddy - IR,Square (5x5m),Accepted,10.51,9.459,3784,0.303415805,0.707018673,0.370599985,0.621399999,0.759000003,0.867999971,0.322119504,0.322119504,32.90082169,32.95205307,22.35197258,25.19035339,323.0939026,559.9909668
1513,86.15886667,19.99433667,58708,ORISSA,Puri,Kakatpur,Patapur,14-12-2020,POINT(86.1588666666667 19.9943366666667),Paddy - IR,Square (5x5m),Accepted,12.22,10.998,4399,0.300547093,0.743712902,0.513000011,0.614099979,0.760800004,0.842599988,0.322996914,0.310150355,33.24740601,32.09287643,23.00717354,25.73618507,322.599884,883.4488525
1514,86.182505,20.01068333,58707,ORISSA,Puri,Kakatpur,Balara,14-12-2020,POINT(86.182505 20.0106833333333),Paddy - IR,Square (5x5m),Accepted,11.76,10.584,4234,0.30312562,0.812995553,0.388999999,0.259499997,0.504599988,0.296600014,0.319388062,0.319388062,33.27171326,32.09506226,23.05707932,25.77793694,317.7377014,856.0795288
1515,86.18204833,20.01147667,58706,ORISSA,Puri,Kakatpur,Balara,14-12-2020,POINT(86.1820483333333 20.0114766666667),Paddy - IR,Square (5x5m),Accepted,12.42,11.178,4471,0.293514788,0.805292785,0.388999999,0.259499997,0.504599988,0.296600014,0.319388062,0.319388062,33.27171326,32.09506226,23.05707932,25.77793694,317.7377014,856.0795288
1516,86.21186833,19.99414167,58705,ORISSA,Puri,Kakatpur,Mulagarh,14-12-2020,POINT(86.2118683333333 19.9941416666667),Paddy - IR,Square (5x5m),Accepted,11.84,10.656,4262,0.29133755,0.346699357,0.356099993,0.128600001,0.50819999,0.130899996,0.26223582,0.282569379,33.31409836,31.95126534,23.12232018,25.83161354,319.6892395,902.6831665
1592,85.84259908,20.10881335,58614,ORISSA,Puri,Pipili,Chadeya,13-12-2020,POINT(85.8425990771502 20.1088133454323),Paddy - IR,Square (5x5m),Accepted,11.58,10.422,4169,0.307634085,0.90372318,0.368999988,0.149200007,0.618900001,0.171599999,0.339682877,0.335871667,32.59304428,32.95066833,22.14946938,25.03880119,290.816864,503.7708435
1593,85.80615062,20.1010043,58613,ORISSA,Puri,Pipili,Hatasahi,13-12-2020,POINT(85.8061506226659 20.101004303433),Paddy - IR,Square (5x5m),Accepted,11.01,9.909,3964,0.307782263,0.836365104,0.453099996,0.586199999,0.661899984,0.846300006,0.35500589,0.343759894,32.51799011,33.01268768,22.04675102,24.95499992,294.4859924,513.3064575
1594,85.79677622,20.07197132,58612,ORISSA,Puri,Delanga,Nuagan,13-12-2020,POINT(85.7967762183398 20.0719713186845),Paddy - IR,Square (5x5m),Accepted,13.06,11.754,4702,0.300016701,0.773927629,0.361499995,0.657400012,0.579900026,0.861599982,0.344859958,0.344859958,32.59414673,33.00483322,22.1015892,24.99665451,301.3231506,523.1615601
1595,85.79602763,20.06943739,58611,ORISSA,Puri,Delanga,Nuagarh,13-12-2020,POINT(85.7960276305676 20.0694373855367),Paddy - IR,Square (5x5m),Accepted,12.41,11.169,4468,0.302476496,0.785227299,0.365200013,0.657400012,0.507499993,0.861599982,0.342057407,0.342057407,32.62578583,32.99704742,22.12842941,25.01752472,303.2964172,525.6519165
1596,85.79553327,20.07755547,58610,ORISSA,Puri,Delanga,nuagan,13-12-2020,POINT(85.7955332659185 20.0775554683059),Paddy - IR,Square (5x5m),Accepted,12.44,11.196,4478,0.309948564,0.694631338,0.250800014,0.703700006,0.521799982,0.890900016,0.302895218,0.302895218,32.59414673,33.00483322,22.1015892,24.99665451,301.3231506,523.1615601
1597,85.79306035,20.08014254,58609,ORISSA,Puri,Delanga,Arisal,13-12-2020,POINT(85.7930603530258 20.0801425427198),Paddy - IR,Square (5x5m),Accepted,13.71,12.339,4936,0.311183155,0.664046049,0.126300007,0.682200015,0.314599991,0.873000026,0.344313323,0.34800595,32.56250381,33.01261902,22.0747509,24.97578621,299.3498535,520.6711426
1598,85.79182855,20.07954043,58608,ORISSA,Puri,Delanga,arisal,13-12-2020,POINT(85.7918285485357 20.0795404287055),Paddy - IR,Square (5x5m),Accepted,11.62,10.458,4183,0.308147788,0.662160099,0.126300007,0.682200015,0.314599991,0.873000026,0.357515991,0.355434686,32.59414673,33.00483322,22.1015892,24.99665451,301.3231506,523.1615601
1644,85.79501132,20.07808696,58549,ORISSA,Puri,Delanga,Nuagarh,12-12-2020,POINT(85.795011324808 20.0780869647861),Paddy - IR,Square (5x5m),Accepted,13.91,12.519,5008,0.309948564,0.694631338,0.250800014,0.703700006,0.521799982,0.890900016,0.302895218,0.302895218,32.59414673,33.00483322,22.1015892,24.99665451,301.3231506,523.1615601
1645,85.75506049,20.06352974,58548,ORISSA,Puri,Delanga,Delangakothabar,12-12-2020,POINT(85.7550604920834 20.0635297363624),Paddy - IR,Square (5x5m),Accepted,12.79,11.511,4604,0.300405174,0.79346621,0.246399999,0.603999972,0.550999999,0.830200016,0.356695622,0.347496927,32.56185532,33.07084656,22.03514862,24.94106102,308.344696,546.9310303
1646,85.6777853,20.07985672,58547,ORISSA,Puri,Delanga,Beguniapada,12-12-2020,POINT(85.6777852959931 20.0798567198217),Paddy - IR,Square (5x5m),Accepted,12.15,10.935,4374,0.305154085,0.802018285,0.218199998,0.630699992,0.605799973,0.84829998,0.327950239,0.327950239,32.5115242,33.01290512,22.00627327,24.93572998,315.4335938,578.1912842
1647,85.68056365,20.07847107,58546,ORISSA,Puri,Delanga,Beguniapada,12-12-2020,POINT(85.6805636454374 20.0784710654989),Paddy - IR,Square (5x5m),Accepted,11.37,10.233,4093,0.299228489,0.809766114,0.340600014,0.600399971,0.595399976,0.777899981,0.357107818,0.357107818,32.5125351,33.02245712,22.00463676,24.93210983,314.2577209,573.6054688
1648,85.68714763,20.07763191,58545,ORISSA,Puri,Delanga,Beguniapada,12-12-2020,POINT(85.6871476303786 20.0776319112629),Paddy - IR,Square (5x5m),Accepted,11.36,10.224,4090,0.30418995,0.83061254,0.29429999,0.64349997,0.538500011,0.813600004,0.345933616,0.32872811,32.5125351,33.02245712,22.00463676,24.93210983,314.2577209,573.6054688
1650,85.88663475,20.14600507,58543,ORISSA,Puri,Pipili,Binayakpur,12-12-2020,POINT(85.8866347465664 20.1460050651804),Paddy - IR,Square (5x5m),Accepted,12.81,11.529,4612,0.310165048,0.618499935,0.198599994,0.669200003,0.376399994,0.861400008,0.352795631,0.352795631,32.56657791,32.94629288,22.16606522,25.05563736,283.1771545,515.6727295
1651,85.88886945,20.14604689,58542,ORISSA,Puri,Pipili,Binayakpur,12-12-2020,POINT(85.888869445771 20.1460468908772),Paddy - IR,Square (5x5m),Accepted,13.83,12.447,4979,0.306662232,0.618143022,0.198599994,0.669200003,0.376399994,0.861400008,0.331717491,0.331717491,32.56657791,32.94629288,22.16606522,25.05563736,283.1771545,515.6727295
1652,85.80800864,20.13473639,58541,ORISSA,Puri,Pipili,Atharabhag,12-12-2020,POINT(85.8080086391419 20.134736392647),Paddy - IR,Square (5x5m),Accepted,12.61,11.349,4540,0.306214392,0.788097799,0.0339,0.612399995,0.338099986,0.826900005,0.344859958,0.345400035,32.42515564,33.03825378,21.96800232,24.89377022,288.824707,508.0371704
1653,85.80980957,20.12398044,58540,ORISSA,Puri,Pipili,Bharatipur,12-12-2020,POINT(85.8098095748574 20.1239804411307),Paddy - IR,Square (5x5m),Accepted,13.73,12.357,4943,0.307985902,0.81961292,0.257800013,0.68599999,0.482600003,0.837000012,0.336529225,0.329493403,32.45610046,33.02973175,21.99425125,24.91417885,290.711792,509.7936096
1654,85.53283368,19.96187097,58539,ORISSA,Puri,Kanas,Gadakharada No.1,12-12-2020,POINT(85.53283368 19.96187097),Paddy - IR,Square (5x5m),Accepted,10.43,9.387,3755,0.308464378,0.627837598,0.0103,0.668799996,0.060400002,0.828299999,0.253495604,0.188299984,32.86720657,32.78426361,22.24463272,25.15646744,326.7148743,611.2206421
1655,85.53153239,19.96378454,58538,ORISSA,Puri,Kanas,deipura,12-12-2020,POINT(85.53153239 19.96378454),Paddy - IR,Square (5x5m),Accepted,11.53,10.377,4151,0.3194049,0.6894871,0.0033,0.638100028,0.0197,0.828299999,-0.052999999,0.340288252,32.86720657,32.78426361,22.24463272,25.15646744,326.7148743,611.2206421
1656,85.53077477,19.96338286,58537,ORISSA,Puri,Kanas,jagannathpur,12-12-2020,POINT(85.53077477 19.96338286),Paddy - IR,Square (5x5m),Accepted,11.65,10.485,4194,0.306533515,0.675877452,0.0033,0.638100028,0.0197,0.828299999,0.339069337,0.340288252,32.86720657,32.78426361,22.24463272,25.15646744,326.7148743,611.2206421
1691,85.82933167,19.95282833,58497,ORISSA,Puri,Satyabadi,Kanjia,12-12-2020,POINT(85.8293316666666 19.9528283333333),Paddy - IR,Square (5x5m),Accepted,7.37,6.633,2653,0.304430962,0.624368489,0.354200006,0.542400002,0.684400022,0.816500008,0.316495419,0.32872811,32.99882889,32.83176804,22.47415733,25.28928947,318.3718872,512.8659058
1692,85.78339667,19.95028667,58496,ORISSA,Puri,Satyabadi,Nuasamasarpur,12-12-2020,POINT(85.7833966666667 19.9502866666667),Paddy - IR,Square (5x5m),Accepted,9.93,8.937,3575,0.30821982,0.701426148,0.439799994,0.677900016,0.726199985,0.880100012,0.336529225,0.336529225,32.96549606,32.93795395,22.40683174,25.23300743,327.2128601,566.4396973
1693,85.79302333,19.954305,58495,ORISSA,Puri,Satyabadi,Sriramchandrapur,12-12-2020,POINT(85.7930233333333 19.954305),Paddy - IR,Square (5x5m),Accepted,10.34,9.306,3722,0.313994318,0.751262188,0.497999996,0.666999996,0.749199986,0.865999997,0.327950239,0.33314383,32.97382736,32.91140747,22.42366219,25.24707794,325.0026245,553.0462646
1694,85.83233,19.97631333,58494,ORISSA,Puri,Satyabadi,Badaharisankrpur,12-12-2020,POINT(85.83233 19.9763133333333),Paddy - IR,Square (5x5m),Accepted,9.075,8.1675,3267,0.304206371,0.702750802,0.292400002,0.653999984,0.639100015,0.887399971,0.351878941,0.351878941,32.94944382,32.82667923,22.44202805,25.26529312,312.9046631,500.3634338
1730,85.82447447,20.13792998,58427,ORISSA,Puri,Pipili,Orakol,11-12-2020,POINT(85.8244744688272 20.1379299815744),Paddy - IR,Square (5x5m),Accepted,12.85,11.565,4626,0.30375275,0.788030863,0.421600014,0.183400005,0.665400028,0.287,0.35500589,0.354572833,32.4668541,33.01166153,22.02289963,24.93842125,287.5073242,507.6731873
1731,85.8200277,20.12894362,58426,ORISSA,Puri,Pipili,Ujanipada,11-12-2020,POINT(85.8200277015567 20.1289436174557),Paddy - IR,Square (5x5m),Accepted,11.68,10.512,4205,0.305299222,0.808469832,0.388200015,0.675700009,0.703000009,0.85619998,0.356695622,0.356695622,32.49641037,33.00166702,22.04796982,24.95791435,289.2220459,507.9616699
1732,85.81648543,20.13009998,58425,ORISSA,Puri,Pipili,Ujanipada,11-12-2020,POINT(85.8164854254574 20.1300999848172),Paddy - IR,Square (5x5m),Accepted,12.28,11.052,4421,0.299862504,0.811754823,0.126000002,0.675700009,0.265399992,0.85619998,0.345400035,0.345400035,32.44600677,33.02495575,21.99545097,24.91609573,288.1660156,507.8551941
1733,85.51624792,19.96457988,58424,ORISSA,Puri,Kanas,badurabara,11-12-2020,POINT(85.51624792 19.96457988),Paddy - IR,Square (5x5m),Accepted,6.18,5.562,2225,0.311931193,0.72033453,0.280400008,0.71359998,0.521099985,0.891600013,0.339069337,0.339069337,32.86401367,32.76090622,22.23776817,25.15606308,319.5097351,576.8770142
1734,85.51694618,19.96320987,58423,ORISSA,Puri,Kanas,malisai,11-12-2020,POINT(85.51694618 19.96320987),Paddy - IR,Square (5x5m),Accepted,7.38,6.642,2657,0.309030592,0.718793929,0.263200015,0.71359998,0.500999987,0.891600013,0.339069337,0.339069337,32.86401367,32.76090622,22.23776817,25.15606308,319.5097351,576.8770142
1735,85.52316077,19.95915731,58422,ORISSA,Puri,Kanas,jagannathpur,11-12-2020,POINT(85.52316077 19.95915731),Paddy - IR,Square (5x5m),Accepted,6.28,5.652,2261,0.331581682,0.700374901,0.238399997,0.72390002,0.576600015,0.89380002,0.347496927,0.347496927,32.89917755,32.76376343,22.26032448,25.17137527,326.7062988,600.6308594
1736,85.85841667,19.97037167,58421,ORISSA,Puri,Satyabadi,Balapur,11-12-2020,POINT(85.8584166666667 19.9703716666667),Paddy - IR,Square (5x5m),Accepted,10.37,9.333,3733,0.315684199,0.732878029,0.567200005,0.692799985,0.815199971,0.859799981,0.332436115,0.342057407,32.96889114,32.77653122,22.47805023,25.29526711,308.828949,476.5123901
1737,85.85773333,19.94636833,58420,ORISSA,Puri,Satyabadi,Raichakradharpur,11-12-2020,POINT(85.8577333333333 19.9463683333333),Paddy - IR,Square (5x5m),Accepted,10.32,9.288,3715,0.304011822,0.48828584,0.328700006,0.167699993,0.729099989,0.190300003,0.336529225,0.335204601,33.05129623,32.73992538,22.54795074,25.349617,313.1972656,470.7721252
1738,85.863125,19.95824,58419,ORISSA,Puri,Satyabadi,Sarangajodi,11-12-2020,POINT(85.863125 19.95824),Paddy - IR,Square (5x5m),Accepted,8.84,7.956,3182,0.301544636,0.683649719,0.377600014,0.543200016,0.721899986,0.751100004,0.337816805,0.334527731,33.03216171,32.72558212,22.54148293,25.34557152,309.5309143,459.2920837
1739,85.82877667,19.9665,58418,ORISSA,Puri,Satyabadi,Bhatapur,11-12-2020,POINT(85.8287766666667 19.9665),Paddy - IR,Square (5x5m),Accepted,10.8,9.72,3888,0.300852776,0.655092537,0.526000023,0.530900002,0.760299981,0.720200002,0.309010476,0.314468533,32.96927261,32.84176254,22.44908714,25.26979637,316.657196,512.5773926
1740,86.00113599,19.98362694,58417,ORISSA,Puri,Gop,Benipur,11-12-2020,POINT(86.0011359862983 19.9836269393563),Paddy - IR,Square (5x5m),Accepted,14.2,12.78,5112,0.310987234,0.625636399,0.263200015,0.358999997,0.442999989,0.426999986,0.3078444,0.287985981,33.0977211,32.42366409,22.73376465,25.50884628,315.3857117,681.1098022
1742,86.00166572,19.98509235,58415,ORISSA,Puri,Gop,Benipur,11-12-2020,POINT(86.0016657225788 19.9850923474878),Paddy - IR,Square (5x5m),Accepted,13.58,12.222,4889,0.304366797,0.655748844,0.263200015,0.358999997,0.442999989,0.426999986,0.350942314,0.356695622,33.0977211,32.42366409,22.73376465,25.50884628,315.3857117,681.1098022
1744,86.01846565,20.0075846,58413,ORISSA,Puri,Gop,Jirikana,11-12-2020,POINT(86.0184656549245 20.0075845979154),Paddy - IR,Square (5x5m),Accepted,14.25,12.825,5130,0.315818429,0.701200128,0.473800004,0.431499988,0.790600002,0.564100027,0.316495419,0.337816805,33.07545471,32.4472847,22.7246418,25.50273514,312.5630188,684.5620728
1745,86.01744918,20.00254636,58412,ORISSA,Puri,Gop,Kusupur,11-12-2020,POINT(86.0174491815269 20.0025463616475),Paddy - IR,Square (5x5m),Accepted,13.27,11.943,4777,0.310603708,0.726751268,0.45539999,0.214699998,0.741599977,0.231999993,0.35500589,0.352339745,33.07545471,32.4472847,22.7246418,25.50273514,312.5630188,684.5620728
1746,86.01651426,19.99857573,58411,ORISSA,Puri,Gop,Kusupur,11-12-2020,POINT(86.0165142640471 19.9985757283866),Paddy - IR,Square (5x5m),Accepted,12.63,11.367,4547,0.301953435,0.733057737,0.514400005,0.781599998,0.753199995,0.885500014,0.316495419,0.338447332,33.09179688,32.42330551,22.7385025,25.51351357,314.4326782,691.4923706
1747,86.02247833,20.00512167,58410,ORISSA,Puri,Gop,Jirikana,11-12-2020,POINT(86.0224783333333 20.0051216666667),Paddy - IR,Square (5x5m),Accepted,15.04,13.536,5414,0.313878447,0.681569457,0.458299994,0.334600002,0.775099993,0.627200007,0.32872811,0.32872811,33.08726501,32.4244194,22.74442101,25.51910019,313.3959351,700.4018555
1830,85.84199994,20.10282087,58323,ORISSA,Puri,Pipili,Kanhupur,09-12-2020,POINT(85.8419999387115 20.1028208713979),Paddy - IR,Square (5x5m),Accepted,13.19,11.871,4748,0.304620713,0.883692265,0.234899998,0.282499999,0.4815,0.509899974,0.351413101,0.352339745,32.59304428,32.95066833,22.14946938,25.03880119,290.816864,503.7708435
1831,85.83895454,20.10478991,58322,ORISSA,Puri,Pipili,Pipili (NAC),09-12-2020,POINT(85.8389545418322 20.1047899061814),Paddy - IR,Square (5x5m),Accepted,11.08,9.972,3989,0.300367147,0.888560653,0.227599993,0.566999972,0.466500014,0.796400011,0.342057407,0.348509192,32.5742836,32.96617508,22.12378883,25.01785088,291.7341614,506.1547546
1858,85.76692985,20.0995824,58287,ORISSA,Puri,Delanga,Sadangoi Dakhinabar,08-12-2020,POINT(85.7669298537076 20.099582397379),Paddy - IR,Square (5x5m),Accepted,11.88,10.692,4277,0.305702657,0.658885896,0.239899993,0.672100008,0.488599986,0.860599995,0.33314383,0.33314383,32.47665787,33.06912994,21.9726429,24.89344406,300.3869934,527.5343628
1860,85.76556905,20.10133266,58285,ORISSA,Puri,Delanga,Sadangoi Dakhinabar,08-12-2020,POINT(85.7655690517277 20.1013326644897),Paddy - IR,Square (5x5m),Accepted,13.31,11.979,4792,0.307819039,0.656802654,0.388099998,0.71359998,0.544799984,0.897199988,0.327159435,0.327159435,32.44293213,33.07470703,21.94403267,24.87119865,298.1550903,522.842041
1861,85.76715851,20.12045581,58284,ORISSA,Puri,Delanga,Sadangoiuttarbad,08-12-2020,POINT(85.7671585120261 20.1204558089376),Paddy - IR,Square (5x5m),Accepted,11.4,10.26,4104,0.300275326,0.574306428,0.2324,0.717299998,0.460599989,0.867299974,0.312355846,0.312355846,32.37548065,33.08586121,21.88681412,24.82670975,293.6913452,513.4574585
1912,85.52144197,19.97135123,58216,ORISSA,Puri,Kanas,Biratoi,06-12-2020,POINT(85.52144197 19.97135123),Paddy - IR,Square (5x5m),Accepted,10.71,9.639,3856,0.3123326,0.728925228,0.335200012,0.678200006,0.656300008,0.868499994,0.35500589,0.35500589,32.83204651,32.7814064,22.22207642,25.14115524,319.5183105,587.4667358
1913,85.52938891,19.96377241,58215,ORISSA,Puri,Kanas,Ghantapur,06-12-2020,POINT(85.52938891 19.96377241),Paddy - IR,Square (5x5m),Accepted,8.055,7.2495,2900,0.311798364,0.714614689,0.0033,0.638100028,0.0197,0.828299999,0.339069337,0.340288252,32.86561203,32.77258301,22.2412014,25.15626526,323.1123047,594.0488281
1914,85.52583659,19.96535719,58214,ORISSA,Puri,Kanas,Biratoi,06-12-2020,POINT(85.52583659 19.96535719),Paddy - IR,Square (5x5m),Accepted,10.89,9.801,3920,0.317169607,0.715989351,0.341500014,0.687099993,0.636900008,0.871399999,0.343759894,0.343759894,32.86561203,32.77258301,22.2412014,25.15626526,323.1123047,594.0488281
1915,85.51926174,19.9644012,58213,ORISSA,Puri,Kanas,Biratoi,05-12-2020,POINT(85.51926174 19.9644012),Paddy - IR,Square (5x5m),Accepted,16.52,14.868,5947,0.306929708,0.71944809,0.339599997,0.71359998,0.635500014,0.891600013,0.343199551,0.343199551,32.86401367,32.76090622,22.23776817,25.15606308,319.5097351,576.8770142
1923,85.8035726,20.1217294,58202,ORISSA,Puri,Pipili,Bharatipur,07-12-2020,POINT(85.8035726007074 20.1217293972149),Paddy - IR,Square (5x5m),Accepted,13.31,11.979,4792,0.310712934,0.815379679,0.35800001,0.674799979,0.584500015,0.843400002,0.337177515,0.344313323,32.45610046,33.02973175,21.99425125,24.91417885,290.711792,509.7936096
1924,85.80489208,20.1214577,58201,ORISSA,Puri,Pipili,Bharatipur,07-12-2020,POINT(85.8048920799047 20.1214576978236),Paddy - IR,Square (5x5m),Accepted,12.97,11.673,4669,0.310712934,0.815379679,0.35800001,0.674799979,0.584500015,0.843400002,0.337177515,0.333840907,32.45610046,33.02973175,21.99425125,24.91417885,290.711792,509.7936096
1925,85.84434151,20.11004863,58200,ORISSA,Puri,Pipili,Chadeya,06-12-2020,POINT(85.8443415071815 20.1100486284122),Paddy - IR,Square (5x5m),Accepted,13.07,11.763,4705,0.310159713,0.906035483,0.281899989,0.125100002,0.528800011,0.139899999,0.330987722,0.329493403,32.56488419,32.96213531,22.12557793,25.02022552,289.2745667,504.9502869
1926,85.84618519,20.10557043,58199,ORISSA,Puri,Pipili,Sunapada,06-12-2020,POINT(85.8461851906031 20.1055704290047),Paddy - IR,Square (5x5m),Accepted,12.26,11.034,4414,0.303536236,0.882649183,0.355500013,0.534200013,0.654100001,0.685500026,0.352339745,0.352339745,32.59304428,32.95066833,22.14946938,25.03880119,290.816864,503.7708435
1927,85.84669724,20.13887177,58198,ORISSA,Puri,Pipili,Patasahanipur,05-12-2020,POINT(85.8466972410679 20.1388717722148),Paddy - IR,Square (5x5m),Accepted,12.28,11.052,4421,0.302960038,0.807011187,0.310000002,0.718400002,0.56309998,0.87379998,0.342632145,0.342632145,32.50855637,32.98506927,22.07779884,24.98307419,286.1899719,507.3092041
1935,85.833375,19.96063833,58190,ORISSA,Puri,Satyabadi,Bhatapur,07-12-2020,POINT(85.833375 19.9606383333333),Paddy - IR,Square (5x5m),Accepted,8.67,7.803,3121,0.311935693,0.636077404,0.231299996,0.636600018,0.567900002,0.857299984,0.329493403,0.331717491,32.978302,32.8159523,22.46650887,25.28432655,314.5331421,499.9179382
1936,85.79365333,19.96038833,58189,ORISSA,Puri,Satyabadi,Banapur,06-12-2020,POINT(85.7936533333333 19.9603883333333),Paddy - IR,Square (5x5m),Accepted,11.96,10.764,4306,0.309705824,0.751520634,0.378899992,0.636200011,0.620199978,0.861000001,0.349006742,0.352339745,32.94218826,32.91919327,22.39682388,25.22620964,323.0293274,550.5558472
1937,85.80152,19.97743,58188,ORISSA,Puri,Satyabadi,Talapada,06-12-2020,POINT(85.80152 19.97743),Paddy - IR,Square (5x5m),Accepted,9.65,8.685,3474,0.301973671,0.71939224,0.274399996,0.696099997,0.547999978,0.882099986,0.330987722,0.330987722,32.92027283,32.90190506,22.38799477,25.22032928,319.0181885,536.1399536
1938,85.81772667,19.97906833,58187,ORISSA,Puri,Satyabadi,Sadanadapur,06-12-2020,POINT(85.8177266666667 19.9790683333333),Paddy - IR,Square (5x5m),Accepted,12.06,10.854,4342,0.30315116,0.749236286,0.386999995,0.633099973,0.702400029,0.856400013,0.345933616,0.345933616,32.92999649,32.87683105,22.40600586,25.23531723,316.9803467,524.2144775
1939,85.76434667,19.97284167,58186,ORISSA,Puri,Satyabadi,Majhikera,05-12-2020,POINT(85.7643466666667 19.9728416666667),Paddy - IR,Square (5x5m),Accepted,12.07,10.863,4345,0.310604393,0.729309797,0.273099989,0.652999997,0.583599985,0.876100004,0.294458985,0.294458985,32.88137436,33.00220108,22.31595039,25.1603775,327.1695862,583.84198
1940,85.76669167,19.95946833,58185,ORISSA,Puri,Satyabadi,Hiranapada,05-12-2020,POINT(85.7666916666667 19.9594683333333),Paddy - IR,Square (5x5m),Accepted,12.19,10.971,4388,0.308435768,0.701869905,0.408499986,0.735300004,0.719299972,0.89380002,0.355859101,0.355859101,32.94882584,32.99104691,22.37316895,25.20486832,331.6333618,593.2266235
1941,85.77375,19.960555,58184,ORISSA,Puri,Satyabadi,Nuasamasarpur,05-12-2020,POINT(85.77375 19.960555),Paddy - IR,Square (5x5m),Accepted,12.78,11.502,4601,0.30733037,0.744201481,0.36680001,0.734600008,0.682600021,0.89319998,0.357920349,0.349985272,32.92412949,32.97081375,22.36198044,25.19715118,327.2774353,575.8748169
1942,85.76690833,19.94550333,58183,ORISSA,Puri,Satyabadi,Narendrapur,04-12-2020,POINT(85.7669083333333 19.9455033333333),Paddy - IR,Square (5x5m),Accepted,12.9,11.61,4644,0.312455982,0.599900484,0.27579999,0.635599971,0.609899998,0.868700027,0.32872811,0.32872811,32.98255539,32.98546982,22.40177727,25.22711182,333.8652344,597.9189453
